ay_(g),ax_(g),hf_left_(mm),hf_right_(mm),pitch_(deg),roll_left_(deg)
-1.6,-1.6,23.268128544600334,-19.88036224368868,1.743843013229709,1.6909893396224838
-1.5346938775510204,-1.6,22.387547099941372,-18.999780799029736,1.743843013229709,1.6219693665766681
-1.469387755102041,-1.6,21.506965655282407,-18.119199354370764,1.743843013229709,1.5529493935308523
-1.4040816326530614,-1.6,20.626384210623456,-17.238617909711806,1.743843013229709,1.4839294204850366
-1.3387755102040817,-1.6,19.745802765964484,-16.358036465052848,1.743843013229709,1.414909447439221
-1.273469387755102,-1.6,18.865221321305533,-15.47745502039389,1.743843013229709,1.3458894743934053
-1.2081632653061225,-1.6,17.98463987664657,-14.596873575734932,1.743843013229709,1.2768695013475897
-1.142857142857143,-1.6,17.104058431987617,-13.716292131075974,1.743843013229709,1.2078495283017745
-1.0775510204081633,-1.6,16.22347698732866,-12.835710686417016,1.743843013229709,1.1388295552559584
-1.0122448979591836,-1.6,15.342895542669687,-11.955129241758044,1.743843013229709,1.0698095822101428
-0.9469387755102041,-1.6,14.462314098010737,-11.074547797099086,1.743843013229709,1.0007896091643271
-0.8816326530612246,-1.6,13.581732653351771,-10.193966352440142,1.743843013229709,0.9317696361185116
-0.8163265306122449,-1.6,12.701151208692814,-9.31338490778117,1.743843013229709,0.8627496630726957
-0.7510204081632653,-1.6,11.820569764033863,-8.43280346312222,1.743843013229709,0.7937296900268802
-0.6857142857142857,-1.6,10.939988319374898,-7.5522220184632545,1.743843013229709,0.7247097169810645
-0.6204081632653062,-1.6,10.05940687471594,-6.6716405738042965,1.743843013229709,0.655689743935249
-0.5551020408163266,-1.6,9.178825430056975,-5.7910591291453315,1.743843013229709,0.5866697708894332
-0.4897959183673469,-1.6,8.298243985398017,-4.910477684486374,1.743843013229709,0.5176497978436174
-0.4244897959183674,-1.6,7.417662540739059,-4.029896239827416,1.743843013229709,0.44862982479780183
-0.3591836734693879,-1.6,6.537081096080101,-3.1493147951684577,1.743843013229709,0.37960985175198625
-0.2938775510204082,-1.6,5.656499651421143,-2.2687333505094998,1.743843013229709,0.31058987870617055
-0.22857142857142854,-1.6,4.775918206762178,-1.3881519058505347,1.743843013229709,0.24156990566035474
-0.16326530612244902,-1.6,3.89533676210322,-0.5075704611915768,1.743843013229709,0.17254993261453916
-0.09795918367346952,-1.6,3.014755317444269,0.37301098346737405,1.743843013229709,0.10352995956872366
-0.03265306122448984,-1.6,2.134173872785297,1.2535924281263462,1.743843013229709,0.03450998652290788
0.03265306122448984,-1.6,1.2535924281263462,2.134173872785297,1.743843013229709,-0.03450998652290788
0.09795918367346952,-1.6,0.37301098346737405,3.014755317444269,1.743843013229709,-0.10352995956872366
0.16326530612244886,-1.6,-0.5075704611915768,3.89533676210322,1.743843013229709,-0.17254993261453905
0.22857142857142854,-1.6,-1.3881519058505347,4.775918206762178,1.743843013229709,-0.24156990566035474
0.2938775510204082,-1.6,-2.2687333505094998,5.656499651421143,1.743843013229709,-0.31058987870617055
0.3591836734693875,-1.6,-3.1493147951684506,6.537081096080094,1.743843013229709,-0.3796098517519859
0.4244897959183672,-1.6,-4.029896239827416,7.417662540739059,1.743843013229709,-0.4486298247978017
0.4897959183673469,-1.6,-4.910477684486374,8.298243985398017,1.743843013229709,-0.5176497978436174
0.5551020408163266,-1.6,-5.7910591291453315,9.178825430056975,1.743843013229709,-0.5866697708894332
0.6204081632653062,-1.6,-6.6716405738042965,10.05940687471594,1.743843013229709,-0.655689743935249
0.6857142857142856,-1.6,-7.552222018463247,10.93998831937489,1.743843013229709,-0.7247097169810643
0.7510204081632653,-1.6,-8.43280346312222,11.820569764033863,1.743843013229709,-0.7937296900268802
0.8163265306122449,-1.6,-9.31338490778117,12.701151208692814,1.743843013229709,-0.8627496630726957
0.8816326530612243,-1.6,-10.193966352440128,13.581732653351764,1.743843013229709,-0.9317696361185112
0.946938775510204,-1.6,-11.074547797099086,14.462314098010737,1.743843013229709,-1.0007896091643271
1.0122448979591836,-1.6,-11.955129241758044,15.342895542669687,1.743843013229709,-1.0698095822101428
1.0775510204081633,-1.6,-12.835710686417016,16.22347698732866,1.743843013229709,-1.1388295552559584
1.142857142857143,-1.6,-13.716292131075974,17.104058431987617,1.743843013229709,-1.2078495283017745
1.2081632653061223,-1.6,-14.596873575734932,17.98463987664657,1.743843013229709,-1.2768695013475897
1.273469387755102,-1.6,-15.47745502039389,18.865221321305533,1.743843013229709,-1.3458894743934053
1.3387755102040817,-1.6,-16.358036465052848,19.745802765964484,1.743843013229709,-1.414909447439221
1.404081632653061,-1.6,-17.238617909711806,20.626384210623456,1.743843013229709,-1.4839294204850366
1.4693877551020407,-1.6,-18.119199354370764,21.506965655282407,1.743843013229709,-1.552949393530852
1.5346938775510204,-1.6,-18.999780799029736,22.387547099941372,1.743843013229709,-1.6219693665766681
1.6,-1.6,-19.88036224368868,23.268128544600334,1.743843013229709,-1.6909893396224838
-1.6,-1.542857142857143,25.154061289226924,-17.994429499062093,1.6815629056143617,1.6909893396224838
-1.5346938775510204,-1.542857142857143,24.273479844567962,-17.11384805440315,1.6815629056143617,1.6219693665766681
-1.469387755102041,-1.542857142857143,23.392898399909,-16.233266609744177,1.6815629056143617,1.5529493935308523
-1.4040816326530614,-1.542857142857143,22.512316955250043,-15.35268516508522,1.6815629056143617,1.4839294204850366
-1.3387755102040817,-1.542857142857143,21.631735510591078,-14.472103720426247,1.6815629056143617,1.414909447439221
-1.273469387755102,-1.542857142857143,20.75115406593212,-13.591522275767304,1.6815629056143617,1.3458894743934053
-1.2081632653061225,-1.542857142857143,19.870572621273162,-12.710940831108346,1.6815629056143617,1.2768695013475897
-1.142857142857143,-1.542857142857143,18.989991176614204,-11.830359386449373,1.6815629056143617,1.2078495283017745
-1.0775510204081633,-1.542857142857143,18.109409731955246,-10.94977794179043,1.6815629056143617,1.1388295552559584
-1.0122448979591836,-1.542857142857143,17.22882828729628,-10.069196497131458,1.6815629056143617,1.0698095822101428
-0.9469387755102041,-1.542857142857143,16.348246842637323,-9.1886150524725,1.6815629056143617,1.0007896091643271
-0.8816326530612246,-1.542857142857143,15.467665397978365,-8.308033607813549,1.6815629056143617,0.9317696361185116
-0.8163265306122449,-1.542857142857143,14.5870839533194,-7.427452163154584,1.6815629056143617,0.8627496630726957
-0.7510204081632653,-1.542857142857143,13.70650250866045,-6.546870718495626,1.6815629056143617,0.7937296900268802
-0.6857142857142857,-1.542857142857143,12.825921064001491,-5.666289273836668,1.6815629056143617,0.7247097169810645
-0.6204081632653062,-1.542857142857143,11.945339619342526,-4.785707829177703,1.6815629056143617,0.655689743935249
-0.5551020408163266,-1.542857142857143,11.064758174683568,-3.905126384518745,1.6815629056143617,0.5866697708894332
-0.4897959183673469,-1.542857142857143,10.184176730024603,-3.024544939859787,1.6815629056143617,0.5176497978436174
-0.4244897959183674,-1.542857142857143,9.303595285365645,-2.143963495200822,1.6815629056143617,0.44862982479780183
-0.3591836734693879,-1.542857142857143,8.423013840706695,-1.2633820505418711,1.6815629056143617,0.37960985175198625
-0.2938775510204082,-1.542857142857143,7.5424323960477295,-0.3828006058829061,1.6815629056143617,0.31058987870617055
-0.22857142857142854,-1.542857142857143,6.661850951388772,0.49778083877605184,1.6815629056143617,0.24156990566035474
-0.16326530612244902,-1.542857142857143,5.7812695067298066,1.3783622834350098,1.6815629056143617,0.17254993261453916
-0.09795918367346952,-1.542857142857143,4.900688062070856,2.2589437280939677,1.6815629056143617,0.10352995956872366
-0.03265306122448984,-1.542857142857143,4.020106617411891,3.1395251727529327,1.6815629056143617,0.03450998652290788
0.03265306122448984,-1.542857142857143,3.1395251727529327,4.020106617411891,1.6815629056143617,-0.03450998652290788
0.09795918367346952,-1.542857142857143,2.2589437280939677,4.900688062070856,1.6815629056143617,-0.10352995956872366
0.16326530612244886,-1.542857142857143,1.3783622834350098,5.7812695067298066,1.6815629056143617,-0.17254993261453905
0.22857142857142854,-1.542857142857143,0.49778083877605184,6.661850951388772,1.6815629056143617,-0.24156990566035474
0.2938775510204082,-1.542857142857143,-0.3828006058829061,7.5424323960477295,1.6815629056143617,-0.31058987870617055
0.3591836734693875,-1.542857142857143,-1.263382050541864,8.423013840706687,1.6815629056143617,-0.3796098517519859
0.4244897959183672,-1.542857142857143,-2.143963495200822,9.303595285365645,1.6815629056143617,-0.4486298247978017
0.4897959183673469,-1.542857142857143,-3.024544939859787,10.184176730024603,1.6815629056143617,-0.5176497978436174
0.5551020408163266,-1.542857142857143,-3.905126384518745,11.064758174683568,1.6815629056143617,-0.5866697708894332
0.6204081632653062,-1.542857142857143,-4.785707829177703,11.945339619342526,1.6815629056143617,-0.655689743935249
0.6857142857142856,-1.542857142857143,-5.666289273836661,12.825921064001484,1.6815629056143617,-0.7247097169810643
0.7510204081632653,-1.542857142857143,-6.546870718495626,13.70650250866045,1.6815629056143617,-0.7937296900268802
0.8163265306122449,-1.542857142857143,-7.427452163154584,14.5870839533194,1.6815629056143617,-0.8627496630726957
0.8816326530612243,-1.542857142857143,-8.308033607813535,15.467665397978358,1.6815629056143617,-0.9317696361185112
0.946938775510204,-1.542857142857143,-9.1886150524725,16.348246842637323,1.6815629056143617,-1.0007896091643271
1.0122448979591836,-1.542857142857143,-10.069196497131458,17.22882828729628,1.6815629056143617,-1.0698095822101428
1.0775510204081633,-1.542857142857143,-10.94977794179043,18.109409731955246,1.6815629056143617,-1.1388295552559584
1.142857142857143,-1.542857142857143,-11.830359386449373,18.989991176614204,1.6815629056143617,-1.2078495283017745
1.2081632653061223,-1.542857142857143,-12.710940831108346,19.870572621273162,1.6815629056143617,-1.2768695013475897
1.273469387755102,-1.542857142857143,-13.591522275767304,20.75115406593212,1.6815629056143617,-1.3458894743934053
1.3387755102040817,-1.542857142857143,-14.472103720426247,21.631735510591078,1.6815629056143617,-1.414909447439221
1.404081632653061,-1.542857142857143,-15.35268516508522,22.512316955250043,1.6815629056143617,-1.4839294204850366
1.4693877551020407,-1.542857142857143,-16.233266609744177,23.392898399908997,1.6815629056143617,-1.552949393530852
1.5346938775510204,-1.542857142857143,-17.11384805440315,24.273479844567962,1.6815629056143617,-1.6219693665766681
1.6,-1.542857142857143,-17.994429499062093,25.154061289226924,1.6815629056143617,-1.6909893396224838
-1.6,-1.4857142857142858,27.039994033853493,-16.108496754435535,1.6192827979990152,1.6909893396224838
-1.5346938775510204,-1.4857142857142858,26.15941258919453,-15.227915309776563,1.6192827979990152,1.6219693665766681
-1.469387755102041,-1.4857142857142858,25.27883114453557,-14.34733386511762,1.6192827979990152,1.5529493935308523
-1.4040816326530614,-1.4857142857142858,24.398249699876608,-13.466752420458647,1.6192827979990152,1.4839294204850366
-1.3387755102040817,-1.4857142857142858,23.517668255217647,-12.58617097579969,1.6192827979990152,1.414909447439221
-1.273469387755102,-1.4857142857142858,22.637086810558692,-11.705589531140717,1.6192827979990152,1.3458894743934053
-1.2081632653061225,-1.4857142857142858,21.756505365899727,-10.825008086481773,1.6192827979990152,1.2768695013475897
-1.142857142857143,-1.4857142857142858,20.875923921240776,-9.944426641822815,1.6192827979990152,1.2078495283017745
-1.0775510204081633,-1.4857142857142858,19.99534247658181,-9.06384519716385,1.6192827979990152,1.1388295552559584
-1.0122448979591836,-1.4857142857142858,19.114761031922853,-8.183263752504892,1.6192827979990152,1.0698095822101428
-0.9469387755102041,-1.4857142857142858,18.234179587263895,-7.302682307845934,1.6192827979990152,1.0007896091643271
-0.8816326530612246,-1.4857142857142858,17.35359814260493,-6.4221008631869765,1.6192827979990152,0.9317696361185116
-0.8163265306122449,-1.4857142857142858,16.473016697945972,-5.541519418528011,1.6192827979990152,0.8627496630726957
-0.7510204081632653,-1.4857142857142858,15.592435253287022,-4.660937973869061,1.6192827979990152,0.7937296900268802
-0.6857142857142857,-1.4857142857142858,14.711853808628057,-3.7803565292100956,1.6192827979990152,0.7247097169810645
-0.6204081632653062,-1.4857142857142858,13.831272363969099,-2.8997750845511376,1.6192827979990152,0.655689743935249
-0.5551020408163266,-1.4857142857142858,12.950690919310134,-2.0191936398921797,1.6192827979990152,0.5866697708894332
-0.4897959183673469,-1.4857142857142858,12.070109474651176,-1.1386121952332147,1.6192827979990152,0.5176497978436174
-0.4244897959183674,-1.4857142857142858,11.189528029992218,-0.25803075057425673,1.6192827979990152,0.44862982479780183
-0.3591836734693879,-1.4857142857142858,10.30894658533326,0.6225506940847012,1.6192827979990152,0.37960985175198625
-0.2938775510204082,-1.4857142857142858,9.428365140674302,1.5031321387436591,1.6192827979990152,0.31058987870617055
-0.22857142857142854,-1.4857142857142858,8.547783696015337,2.383713583402624,1.6192827979990152,0.24156990566035474
-0.16326530612244902,-1.4857142857142858,7.667202251356379,3.264295028061582,1.6192827979990152,0.17254993261453916
-0.09795918367346952,-1.4857142857142858,6.786620806697421,4.144876472720533,1.6192827979990152,0.10352995956872366
-0.03265306122448984,-1.4857142857142858,5.906039362038463,5.025457917379498,1.6192827979990152,0.03450998652290788
0.03265306122448984,-1.4857142857142858,5.025457917379498,5.906039362038463,1.6192827979990152,-0.03450998652290788
0.09795918367346952,-1.4857142857142858,4.144876472720533,6.786620806697421,1.6192827979990152,-0.10352995956872366
0.16326530612244886,-1.4857142857142858,3.264295028061582,7.667202251356379,1.6192827979990152,-0.17254993261453905
0.22857142857142854,-1.4857142857142858,2.383713583402624,8.547783696015337,1.6192827979990152,-0.24156990566035474
0.2938775510204082,-1.4857142857142858,1.5031321387436591,9.428365140674302,1.6192827979990152,-0.31058987870617055
0.3591836734693875,-1.4857142857142858,0.6225506940847083,10.308946585333253,1.6192827979990152,-0.3796098517519859
0.4244897959183672,-1.4857142857142858,-0.25803075057425673,11.189528029992218,1.6192827979990152,-0.4486298247978017
0.4897959183673469,-1.4857142857142858,-1.1386121952332147,12.070109474651176,1.6192827979990152,-0.5176497978436174
0.5551020408163266,-1.4857142857142858,-2.0191936398921797,12.950690919310134,1.6192827979990152,-0.5866697708894332
0.6204081632653062,-1.4857142857142858,-2.8997750845511376,13.831272363969099,1.6192827979990152,-0.655689743935249
0.6857142857142856,-1.4857142857142858,-3.7803565292100956,14.711853808628057,1.6192827979990152,-0.7247097169810643
0.7510204081632653,-1.4857142857142858,-4.660937973869061,15.592435253287022,1.6192827979990152,-0.7937296900268802
0.8163265306122449,-1.4857142857142858,-5.541519418528011,16.473016697945972,1.6192827979990152,-0.8627496630726957
0.8816326530612243,-1.4857142857142858,-6.4221008631869765,17.35359814260493,1.6192827979990152,-0.9317696361185112
0.946938775510204,-1.4857142857142858,-7.302682307845934,18.234179587263895,1.6192827979990152,-1.0007896091643271
1.0122448979591836,-1.4857142857142858,-8.183263752504892,19.114761031922853,1.6192827979990152,-1.0698095822101428
1.0775510204081633,-1.4857142857142858,-9.06384519716385,19.99534247658181,1.6192827979990152,-1.1388295552559584
1.142857142857143,-1.4857142857142858,-9.944426641822815,20.875923921240776,1.6192827979990152,-1.2078495283017745
1.2081632653061223,-1.4857142857142858,-10.825008086481773,21.756505365899727,1.6192827979990152,-1.2768695013475897
1.273469387755102,-1.4857142857142858,-11.705589531140717,22.637086810558692,1.6192827979990152,-1.3458894743934053
1.3387755102040817,-1.4857142857142858,-12.58617097579969,23.517668255217647,1.6192827979990152,-1.414909447439221
1.404081632653061,-1.4857142857142858,-13.466752420458647,24.398249699876608,1.6192827979990152,-1.4839294204850366
1.4693877551020407,-1.4857142857142858,-14.347333865117605,25.278831144535566,1.6192827979990152,-1.552949393530852
1.5346938775510204,-1.4857142857142858,-15.227915309776563,26.15941258919453,1.6192827979990152,-1.6219693665766681
1.6,-1.4857142857142858,-16.108496754435535,27.039994033853493,1.6192827979990152,-1.6909893396224838
-1.6,-1.4285714285714286,28.925926778480058,-14.222564009808963,1.5570026903836687,1.6909893396224838
-1.5346938775510204,-1.4285714285714286,28.0453453338211,-13.341982565150005,1.5570026903836687,1.6219693665766681
-1.469387755102041,-1.4285714285714286,27.16476388916214,-12.461401120491033,1.5570026903836687,1.5529493935308523
-1.4040816326530614,-1.4285714285714286,26.284182444503177,-11.580819675832089,1.5570026903836687,1.4839294204850366
-1.3387755102040817,-1.4285714285714286,25.403600999844215,-10.700238231173117,1.5570026903836687,1.414909447439221
-1.273469387755102,-1.4285714285714286,24.523019555185257,-9.819656786514159,1.5570026903836687,1.3458894743934053
-1.2081632653061225,-1.4285714285714286,23.6424381105263,-8.939075341855194,1.5570026903836687,1.2768695013475897
-1.142857142857143,-1.4285714285714286,22.761856665867345,-8.058493897196257,1.5570026903836687,1.2078495283017745
-1.0775510204081633,-1.4285714285714286,21.881275221208384,-7.177912452537285,1.5570026903836687,1.1388295552559584
-1.0122448979591836,-1.4285714285714286,21.00069377654942,-6.29733100787832,1.5570026903836687,1.0698095822101428
-0.9469387755102041,-1.4285714285714286,20.12011233189046,-5.416749563219362,1.5570026903836687,1.0007896091643271
-0.8816326530612246,-1.4285714285714286,19.239530887231503,-4.536168118560404,1.5570026903836687,0.9317696361185116
-0.8163265306122449,-1.4285714285714286,18.358949442572538,-3.655586673901446,1.5570026903836687,0.8627496630726957
-0.7510204081632653,-1.4285714285714286,17.478367997913587,-2.7750052292424883,1.5570026903836687,0.7937296900268802
-0.6857142857142857,-1.4285714285714286,16.59778655325463,-1.8944237845835303,1.5570026903836687,0.7247097169810645
-0.6204081632653062,-1.4285714285714286,15.717205108595664,-1.0138423399245653,1.5570026903836687,0.655689743935249
-0.5551020408163266,-1.4285714285714286,14.836623663936706,-0.13326089526560736,1.5570026903836687,0.5866697708894332
-0.4897959183673469,-1.4285714285714286,13.956042219277741,0.7473205493933506,1.5570026903836687,0.5176497978436174
-0.4244897959183674,-1.4285714285714286,13.075460774618783,1.6279019940523156,1.5570026903836687,0.44862982479780183
-0.3591836734693879,-1.4285714285714286,12.194879329959832,2.5084834387112664,1.5570026903836687,0.37960985175198625
-0.2938775510204082,-1.4285714285714286,11.314297885300867,3.3890648833702315,1.5570026903836687,0.31058987870617055
-0.22857142857142854,-1.4285714285714286,10.43371644064191,4.269646328029189,1.5570026903836687,0.24156990566035474
-0.16326530612244902,-1.4285714285714286,9.553134995982944,5.150227772688147,1.5570026903836687,0.17254993261453916
-0.09795918367346952,-1.4285714285714286,8.672553551323993,6.030809217347105,1.5570026903836687,0.10352995956872366
-0.03265306122448984,-1.4285714285714286,7.791972106665028,6.91139066200607,1.5570026903836687,0.03450998652290788
0.03265306122448984,-1.4285714285714286,6.91139066200607,7.791972106665028,1.5570026903836687,-0.03450998652290788
0.09795918367346952,-1.4285714285714286,6.030809217347105,8.672553551323993,1.5570026903836687,-0.10352995956872366
0.16326530612244886,-1.4285714285714286,5.150227772688147,9.553134995982944,1.5570026903836687,-0.17254993261453905
0.22857142857142854,-1.4285714285714286,4.269646328029189,10.43371644064191,1.5570026903836687,-0.24156990566035474
0.2938775510204082,-1.4285714285714286,3.3890648833702315,11.314297885300867,1.5570026903836687,-0.31058987870617055
0.3591836734693875,-1.4285714285714286,2.5084834387112735,12.194879329959825,1.5570026903836687,-0.3796098517519859
0.4244897959183672,-1.4285714285714286,1.6279019940523156,13.075460774618783,1.5570026903836687,-0.4486298247978017
0.4897959183673469,-1.4285714285714286,0.7473205493933506,13.956042219277741,1.5570026903836687,-0.5176497978436174
0.5551020408163266,-1.4285714285714286,-0.13326089526560736,14.836623663936706,1.5570026903836687,-0.5866697708894332
0.6204081632653062,-1.4285714285714286,-1.0138423399245653,15.717205108595664,1.5570026903836687,-0.655689743935249
0.6857142857142856,-1.4285714285714286,-1.8944237845835232,16.597786553254622,1.5570026903836687,-0.7247097169810643
0.7510204081632653,-1.4285714285714286,-2.7750052292424883,17.478367997913587,1.5570026903836687,-0.7937296900268802
0.8163265306122449,-1.4285714285714286,-3.655586673901446,18.358949442572538,1.5570026903836687,-0.8627496630726957
0.8816326530612243,-1.4285714285714286,-4.536168118560397,19.239530887231496,1.5570026903836687,-0.9317696361185112
0.946938775510204,-1.4285714285714286,-5.416749563219362,20.12011233189046,1.5570026903836687,-1.0007896091643271
1.0122448979591836,-1.4285714285714286,-6.29733100787832,21.00069377654942,1.5570026903836687,-1.0698095822101428
1.0775510204081633,-1.4285714285714286,-7.177912452537285,21.881275221208384,1.5570026903836687,-1.1388295552559584
1.142857142857143,-1.4285714285714286,-8.058493897196257,22.761856665867345,1.5570026903836687,-1.2078495283017745
1.2081632653061223,-1.4285714285714286,-8.939075341855194,23.6424381105263,1.5570026903836687,-1.2768695013475897
1.273469387755102,-1.4285714285714286,-9.819656786514159,24.523019555185257,1.5570026903836687,-1.3458894743934053
1.3387755102040817,-1.4285714285714286,-10.700238231173117,25.403600999844215,1.5570026903836687,-1.414909447439221
1.404081632653061,-1.4285714285714286,-11.580819675832089,26.284182444503177,1.5570026903836687,-1.4839294204850366
1.4693877551020407,-1.4285714285714286,-12.461401120491033,27.164763889162135,1.5570026903836687,-1.552949393530852
1.5346938775510204,-1.4285714285714286,-13.341982565150005,28.0453453338211,1.5570026903836687,-1.6219693665766681
1.6,-1.4285714285714286,-14.222564009808963,28.925926778480058,1.5570026903836687,-1.6909893396224838
-1.6,-1.3714285714285714,30.81185952310664,-12.33663126518239,1.4947225827683217,1.6909893396224838
-1.5346938775510204,-1.3714285714285714,29.931278078447683,-11.456049820523418,1.4947225827683217,1.6219693665766681
-1.469387755102041,-1.3714285714285714,29.05069663378872,-10.57546837586446,1.4947225827683217,1.5529493935308523
-1.4040816326530614,-1.3714285714285714,28.17011518912976,-9.694886931205488,1.4947225827683217,1.4839294204850366
-1.3387755102040817,-1.3714285714285714,27.2895337444708,-8.814305486546537,1.4947225827683217,1.414909447439221
-1.273469387755102,-1.3714285714285714,26.40895229981184,-7.933724041887579,1.4947225827683217,1.3458894743934053
-1.2081632653061225,-1.3714285714285714,25.528370855152883,-7.0531425972286215,1.4947225827683217,1.2768695013475897
-1.142857142857143,-1.3714285714285714,24.647789410493928,-6.1725611525696635,1.4947225827683217,1.2078495283017745
-1.0775510204081633,-1.3714285714285714,23.767207965834963,-5.2919797079106985,1.4947225827683217,1.1388295552559584
-1.0122448979591836,-1.3714285714285714,22.886626521176005,-4.411398263251741,1.4947225827683217,1.0698095822101428
-0.9469387755102041,-1.3714285714285714,22.006045076517047,-3.5308168185927826,1.4947225827683217,1.0007896091643271
-0.8816326530612246,-1.3714285714285714,21.125463631858082,-2.6502353739338247,1.4947225827683217,0.9317696361185116
-0.8163265306122449,-1.3714285714285714,20.244882187199124,-1.7696539292748596,1.4947225827683217,0.8627496630726957
-0.7510204081632653,-1.3714285714285714,19.364300742540166,-0.8890724846159088,1.4947225827683217,0.7937296900268802
-0.6857142857142857,-1.3714285714285714,18.48371929788121,-0.00849103995694378,1.4947225827683217,0.7247097169810645
-0.6204081632653062,-1.3714285714285714,17.60313785322225,0.8720904047020142,1.4947225827683217,0.655689743935249
-0.5551020408163266,-1.3714285714285714,16.722556408563285,1.752671849360972,1.4947225827683217,0.5866697708894332
-0.4897959183673469,-1.3714285714285714,15.841974963904327,2.633253294019937,1.4947225827683217,0.5176497978436174
-0.4244897959183674,-1.3714285714285714,14.961393519245362,3.513834738678895,1.4947225827683217,0.44862982479780183
-0.3591836734693879,-1.3714285714285714,14.080812074586412,4.394416183337853,1.4947225827683217,0.37960985175198625
-0.2938775510204082,-1.3714285714285714,13.200230629927454,5.274997627996811,1.4947225827683217,0.31058987870617055
-0.22857142857142854,-1.3714285714285714,12.319649185268489,6.155579072655769,1.4947225827683217,0.24156990566035474
-0.16326530612244902,-1.3714285714285714,11.43906774060953,7.036160517314734,1.4947225827683217,0.17254993261453916
-0.09795918367346952,-1.3714285714285714,10.558486295950573,7.916741961973685,1.4947225827683217,0.10352995956872366
-0.03265306122448984,-1.3714285714285714,9.677904851291615,8.79732340663265,1.4947225827683217,0.03450998652290788
0.03265306122448984,-1.3714285714285714,8.79732340663265,9.677904851291615,1.4947225827683217,-0.03450998652290788
0.09795918367346952,-1.3714285714285714,7.916741961973685,10.558486295950573,1.4947225827683217,-0.10352995956872366
0.16326530612244886,-1.3714285714285714,7.036160517314734,11.43906774060953,1.4947225827683217,-0.17254993261453905
0.22857142857142854,-1.3714285714285714,6.155579072655769,12.319649185268489,1.4947225827683217,-0.24156990566035474
0.2938775510204082,-1.3714285714285714,5.274997627996811,13.200230629927454,1.4947225827683217,-0.31058987870617055
0.3591836734693875,-1.3714285714285714,4.39441618333786,14.080812074586404,1.4947225827683217,-0.3796098517519859
0.4244897959183672,-1.3714285714285714,3.513834738678895,14.961393519245362,1.4947225827683217,-0.4486298247978017
0.4897959183673469,-1.3714285714285714,2.633253294019937,15.841974963904327,1.4947225827683217,-0.5176497978436174
0.5551020408163266,-1.3714285714285714,1.752671849360972,16.722556408563285,1.4947225827683217,-0.5866697708894332
0.6204081632653062,-1.3714285714285714,0.8720904047020142,17.60313785322225,1.4947225827683217,-0.655689743935249
0.6857142857142856,-1.3714285714285714,-0.00849103995694378,18.48371929788121,1.4947225827683217,-0.7247097169810643
0.7510204081632653,-1.3714285714285714,-0.8890724846159088,19.364300742540166,1.4947225827683217,-0.7937296900268802
0.8163265306122449,-1.3714285714285714,-1.7696539292748596,20.244882187199124,1.4947225827683217,-0.8627496630726957
0.8816326530612243,-1.3714285714285714,-2.6502353739338247,21.125463631858082,1.4947225827683217,-0.9317696361185112
0.946938775510204,-1.3714285714285714,-3.5308168185927826,22.006045076517047,1.4947225827683217,-1.0007896091643271
1.0122448979591836,-1.3714285714285714,-4.411398263251741,22.886626521176005,1.4947225827683217,-1.0698095822101428
1.0775510204081633,-1.3714285714285714,-5.2919797079106985,23.767207965834963,1.4947225827683217,-1.1388295552559584
1.142857142857143,-1.3714285714285714,-6.1725611525696635,24.647789410493928,1.4947225827683217,-1.2078495283017745
1.2081632653061223,-1.3714285714285714,-7.0531425972286215,25.528370855152883,1.4947225827683217,-1.2768695013475897
1.273469387755102,-1.3714285714285714,-7.933724041887579,26.40895229981184,1.4947225827683217,-1.3458894743934053
1.3387755102040817,-1.3714285714285714,-8.814305486546537,27.2895337444708,1.4947225827683217,-1.414909447439221
1.404081632653061,-1.3714285714285714,-9.694886931205488,28.17011518912976,1.4947225827683217,-1.4839294204850366
1.4693877551020407,-1.3714285714285714,-10.575468375864446,29.050696633788718,1.4947225827683217,-1.552949393530852
1.5346938775510204,-1.3714285714285714,-11.456049820523418,29.931278078447683,1.4947225827683217,-1.6219693665766681
1.6,-1.3714285714285714,-12.33663126518239,30.81185952310664,1.4947225827683217,-1.6909893396224838
-1.6,-1.3142857142857145,32.697792267733234,-10.45069852055579,1.432442475152975,1.6909893396224838
-1.5346938775510204,-1.3142857142857145,31.81721082307427,-9.570117075896832,1.432442475152975,1.6219693665766681
-1.469387755102041,-1.3142857142857145,30.93662937841531,-8.689535631237874,1.432442475152975,1.5529493935308523
-1.4040816326530614,-1.3142857142857145,30.05604793375635,-7.808954186578902,1.432442475152975,1.4839294204850366
-1.3387755102040817,-1.3142857142857145,29.17546648909739,-6.928372741919951,1.432442475152975,1.414909447439221
-1.273469387755102,-1.3142857142857145,28.29488504443843,-6.047791297260993,1.432442475152975,1.3458894743934053
-1.2081632653061225,-1.3142857142857145,27.41430359977947,-5.167209852602028,1.432442475152975,1.2768695013475897
-1.142857142857143,-1.3142857142857145,26.533722155120515,-4.286628407943077,1.432442475152975,1.2078495283017745
-1.0775510204081633,-1.3142857142857145,25.653140710461553,-3.406046963284105,1.432442475152975,1.1388295552559584
-1.0122448979591836,-1.3142857142857145,24.77255926580259,-2.525465518625154,1.432442475152975,1.0698095822101428
-0.9469387755102041,-1.3142857142857145,23.891977821143634,-1.644884073966196,1.432442475152975,1.0007896091643271
-0.8816326530612246,-1.3142857142857145,23.011396376484672,-0.764302629307231,1.432442475152975,0.9317696361185116
-0.8163265306122449,-1.3142857142857145,22.13081493182571,0.1162788153517269,1.432442475152975,0.8627496630726957
-0.7510204081632653,-1.3142857142857145,21.25023348716676,0.9968602600106848,1.432442475152975,0.7937296900268802
-0.6857142857142857,-1.3142857142857145,20.369652042507795,1.8774417046696428,1.432442475152975,0.7247097169810645
-0.6204081632653062,-1.3142857142857145,19.489070597848837,2.7580231493286007,1.432442475152975,0.655689743935249
-0.5551020408163266,-1.3142857142857145,18.60848915318988,3.6386045939875657,1.432442475152975,0.5866697708894332
-0.4897959183673469,-1.3142857142857145,17.727907708530914,4.519186038646524,1.432442475152975,0.5176497978436174
-0.4244897959183674,-1.3142857142857145,16.847326263871956,5.399767483305489,1.432442475152975,0.44862982479780183
-0.3591836734693879,-1.3142857142857145,15.966744819212998,6.2803489279644396,1.432442475152975,0.37960985175198625
-0.2938775510204082,-1.3142857142857145,15.08616337455404,7.1609303726233975,1.432442475152975,0.31058987870617055
-0.22857142857142854,-1.3142857142857145,14.205581929895082,8.041511817282363,1.432442475152975,0.24156990566035474
-0.16326530612244902,-1.3142857142857145,13.325000485236117,8.92209326194132,1.432442475152975,0.17254993261453916
-0.09795918367346952,-1.3142857142857145,12.444419040577166,9.802674706600278,1.432442475152975,0.10352995956872366
-0.03265306122448984,-1.3142857142857145,11.563837595918201,10.683256151259236,1.432442475152975,0.03450998652290788
0.03265306122448984,-1.3142857142857145,10.683256151259236,11.563837595918201,1.432442475152975,-0.03450998652290788
0.09795918367346952,-1.3142857142857145,9.802674706600278,12.444419040577166,1.432442475152975,-0.10352995956872366
0.16326530612244886,-1.3142857142857145,8.92209326194132,13.325000485236117,1.432442475152975,-0.17254993261453905
0.22857142857142854,-1.3142857142857145,8.041511817282363,14.205581929895082,1.432442475152975,-0.24156990566035474
0.2938775510204082,-1.3142857142857145,7.1609303726233975,15.08616337455404,1.432442475152975,-0.31058987870617055
0.3591836734693875,-1.3142857142857145,6.280348927964447,15.966744819212991,1.432442475152975,-0.3796098517519859
0.4244897959183672,-1.3142857142857145,5.399767483305489,16.847326263871956,1.432442475152975,-0.4486298247978017
0.4897959183673469,-1.3142857142857145,4.519186038646524,17.727907708530914,1.432442475152975,-0.5176497978436174
0.5551020408163266,-1.3142857142857145,3.6386045939875657,18.60848915318988,1.432442475152975,-0.5866697708894332
0.6204081632653062,-1.3142857142857145,2.7580231493286007,19.489070597848837,1.432442475152975,-0.655689743935249
0.6857142857142856,-1.3142857142857145,1.8774417046696428,20.369652042507795,1.432442475152975,-0.7247097169810643
0.7510204081632653,-1.3142857142857145,0.9968602600106848,21.25023348716676,1.432442475152975,-0.7937296900268802
0.8163265306122449,-1.3142857142857145,0.1162788153517269,22.13081493182571,1.432442475152975,-0.8627496630726957
0.8816326530612243,-1.3142857142857145,-0.764302629307231,23.011396376484672,1.432442475152975,-0.9317696361185112
0.946938775510204,-1.3142857142857145,-1.644884073966196,23.891977821143634,1.432442475152975,-1.0007896091643271
1.0122448979591836,-1.3142857142857145,-2.525465518625154,24.77255926580259,1.432442475152975,-1.0698095822101428
1.0775510204081633,-1.3142857142857145,-3.406046963284105,25.653140710461553,1.432442475152975,-1.1388295552559584
1.142857142857143,-1.3142857142857145,-4.286628407943077,26.533722155120515,1.432442475152975,-1.2078495283017745
1.2081632653061223,-1.3142857142857145,-5.167209852602028,27.41430359977947,1.432442475152975,-1.2768695013475897
1.273469387755102,-1.3142857142857145,-6.047791297260993,28.29488504443843,1.432442475152975,-1.3458894743934053
1.3387755102040817,-1.3142857142857145,-6.928372741919951,29.17546648909739,1.432442475152975,-1.414909447439221
1.404081632653061,-1.3142857142857145,-7.808954186578902,30.05604793375635,1.432442475152975,-1.4839294204850366
1.4693877551020407,-1.3142857142857145,-8.68953563123786,30.936629378415308,1.432442475152975,-1.552949393530852
1.5346938775510204,-1.3142857142857145,-9.570117075896832,31.81721082307427,1.432442475152975,-1.6219693665766681
1.6,-1.3142857142857145,-10.45069852055579,32.697792267733234,1.432442475152975,-1.6909893396224838
-1.6,-1.2571428571428573,34.58372501235981,-8.564765775929217,1.3701623675376282,1.6909893396224838
-1.5346938775510204,-1.2571428571428573,33.70314356770085,-7.684184331270252,1.3701623675376282,1.6219693665766681
-1.469387755102041,-1.2571428571428573,32.822562123041884,-6.803602886611294,1.3701623675376282,1.5529493935308523
-1.4040816326530614,-1.2571428571428573,31.941980678382926,-5.923021441952329,1.3701623675376282,1.4839294204850366
-1.3387755102040817,-1.2571428571428573,31.061399233723964,-5.042439997293378,1.3701623675376282,1.414909447439221
-1.273469387755102,-1.2571428571428573,30.180817789065006,-4.161858552634413,1.3701623675376282,1.3458894743934053
-1.2081632653061225,-1.2571428571428573,29.300236344406045,-3.2812771079754555,1.3701623675376282,1.2768695013475897
-1.142857142857143,-1.2571428571428573,28.41965489974709,-2.4006956633164975,1.3701623675376282,1.2078495283017745
-1.0775510204081633,-1.2571428571428573,27.53907345508813,-1.5201142186575325,1.3701623675376282,1.1388295552559584
-1.0122448979591836,-1.2571428571428573,26.658492010429168,-0.6395327739985817,1.3701623675376282,1.0698095822101428
-0.9469387755102041,-1.2571428571428573,25.77791056577021,0.24104867066038338,1.3701623675376282,1.0007896091643271
-0.8816326530612246,-1.2571428571428573,24.897329121111248,1.1216301153193413,1.3701623675376282,0.9317696361185116
-0.8163265306122449,-1.2571428571428573,24.016747676452287,2.0022115599783064,1.3701623675376282,0.8627496630726957
-0.7510204081632653,-1.2571428571428573,23.136166231793336,2.882793004637257,1.3701623675376282,0.7937296900268802
-0.6857142857142857,-1.2571428571428573,22.255584787134374,3.763374449296215,1.3701623675376282,0.7247097169810645
-0.6204081632653062,-1.2571428571428573,21.37500334247541,4.64395589395518,1.3701623675376282,0.655689743935249
-0.5551020408163266,-1.2571428571428573,20.49442189781645,5.524537338614138,1.3701623675376282,0.5866697708894332
-0.4897959183673469,-1.2571428571428573,19.613840453157493,6.405118783273103,1.3701623675376282,0.5176497978436174
-0.4244897959183674,-1.2571428571428573,18.73325900849853,7.285700227932061,1.3701623675376282,0.44862982479780183
-0.3591836734693879,-1.2571428571428573,17.852677563839578,8.166281672591012,1.3701623675376282,0.37960985175198625
-0.2938775510204082,-1.2571428571428573,16.972096119180613,9.046863117249977,1.3701623675376282,0.31058987870617055
-0.22857142857142854,-1.2571428571428573,16.091514674521655,9.927444561908935,1.3701623675376282,0.24156990566035474
-0.16326530612244902,-1.2571428571428573,15.210933229862697,10.8080260065679,1.3701623675376282,0.17254993261453916
-0.09795918367346952,-1.2571428571428573,14.330351785203739,11.68860745122685,1.3701623675376282,0.10352995956872366
-0.03265306122448984,-1.2571428571428573,13.44977034054478,12.569188895885809,1.3701623675376282,0.03450998652290788
0.03265306122448984,-1.2571428571428573,12.569188895885809,13.44977034054478,1.3701623675376282,-0.03450998652290788
0.09795918367346952,-1.2571428571428573,11.68860745122685,14.330351785203739,1.3701623675376282,-0.10352995956872366
0.16326530612244886,-1.2571428571428573,10.8080260065679,15.210933229862697,1.3701623675376282,-0.17254993261453905
0.22857142857142854,-1.2571428571428573,9.927444561908935,16.091514674521655,1.3701623675376282,-0.24156990566035474
0.2938775510204082,-1.2571428571428573,9.046863117249977,16.972096119180613,1.3701623675376282,-0.31058987870617055
0.3591836734693875,-1.2571428571428573,8.166281672591019,17.85267756383957,1.3701623675376282,-0.3796098517519859
0.4244897959183672,-1.2571428571428573,7.285700227932061,18.73325900849853,1.3701623675376282,-0.4486298247978017
0.4897959183673469,-1.2571428571428573,6.405118783273103,19.613840453157493,1.3701623675376282,-0.5176497978436174
0.5551020408163266,-1.2571428571428573,5.524537338614138,20.49442189781645,1.3701623675376282,-0.5866697708894332
0.6204081632653062,-1.2571428571428573,4.64395589395518,21.37500334247541,1.3701623675376282,-0.655689743935249
0.6857142857142856,-1.2571428571428573,3.763374449296215,22.255584787134374,1.3701623675376282,-0.7247097169810643
0.7510204081632653,-1.2571428571428573,2.882793004637257,23.136166231793336,1.3701623675376282,-0.7937296900268802
0.8163265306122449,-1.2571428571428573,2.0022115599783064,24.016747676452287,1.3701623675376282,-0.8627496630726957
0.8816326530612243,-1.2571428571428573,1.1216301153193413,24.897329121111245,1.3701623675376282,-0.9317696361185112
0.946938775510204,-1.2571428571428573,0.24104867066038338,25.77791056577021,1.3701623675376282,-1.0007896091643271
1.0122448979591836,-1.2571428571428573,-0.6395327739985817,26.658492010429168,1.3701623675376282,-1.0698095822101428
1.0775510204081633,-1.2571428571428573,-1.5201142186575325,27.53907345508813,1.3701623675376282,-1.1388295552559584
1.142857142857143,-1.2571428571428573,-2.4006956633164975,28.41965489974709,1.3701623675376282,-1.2078495283017745
1.2081632653061223,-1.2571428571428573,-3.2812771079754555,29.300236344406045,1.3701623675376282,-1.2768695013475897
1.273469387755102,-1.2571428571428573,-4.161858552634413,30.180817789065006,1.3701623675376282,-1.3458894743934053
1.3387755102040817,-1.2571428571428573,-5.042439997293378,31.061399233723964,1.3701623675376282,-1.414909447439221
1.404081632653061,-1.2571428571428573,-5.923021441952329,31.941980678382926,1.3701623675376282,-1.4839294204850366
1.4693877551020407,-1.2571428571428573,-6.803602886611287,32.82256212304188,1.3701623675376282,-1.552949393530852
1.5346938775510204,-1.2571428571428573,-7.684184331270252,33.70314356770085,1.3701623675376282,-1.6219693665766681
1.6,-1.2571428571428573,-8.564765775929217,34.58372501235981,1.3701623675376282,-1.6909893396224838
-1.6,-1.2000000000000002,36.46965775698638,-6.678833031302645,1.3078822599222815,1.6909893396224838
-1.5346938775510204,-1.2000000000000002,35.58907631232742,-5.798251586643673,1.3078822599222815,1.6219693665766681
-1.469387755102041,-1.2000000000000002,34.70849486766846,-4.917670141984722,1.3078822599222815,1.5529493935308523
-1.4040816326530614,-1.2000000000000002,33.827913423009505,-4.037088697325757,1.3078822599222815,1.4839294204850366
-1.3387755102040817,-1.2000000000000002,32.94733197835054,-3.156507252666799,1.3078822599222815,1.414909447439221
-1.273469387755102,-1.2000000000000002,32.06675053369158,-2.275925808007841,1.3078822599222815,1.3458894743934053
-1.2081632653061225,-1.2000000000000002,31.18616908903262,-1.395344363348876,1.3078822599222815,1.2768695013475897
-1.142857142857143,-1.2000000000000002,30.305587644373666,-0.5147629186899252,1.3078822599222815,1.2078495283017745
-1.0775510204081633,-1.2000000000000002,29.425006199714705,0.36581852596903985,1.3078822599222815,1.1388295552559584
-1.0122448979591836,-1.2000000000000002,28.544424755055744,1.2463999706279978,1.3078822599222815,1.0698095822101428
-0.9469387755102041,-1.2000000000000002,27.663843310396786,2.1269814152869557,1.3078822599222815,1.0007896091643271
-0.8816326530612246,-1.2000000000000002,26.783261865737824,3.0075628599459208,1.3078822599222815,0.9317696361185116
-0.8163265306122449,-1.2000000000000002,25.902680421078863,3.8881443046048787,1.3078822599222815,0.8627496630726957
-0.7510204081632653,-1.2000000000000002,25.022098976419908,4.768725749263837,1.3078822599222815,0.7937296900268802
-0.6857142857142857,-1.2000000000000002,24.14151753176095,5.649307193922795,1.3078822599222815,0.7247097169810645
-0.6204081632653062,-1.2000000000000002,23.26093608710199,6.5298886385817525,1.3078822599222815,0.655689743935249
-0.5551020408163266,-1.2000000000000002,22.38035464244303,7.4104700832407175,1.3078822599222815,0.5866697708894332
-0.4897959183673469,-1.2000000000000002,21.499773197784066,8.291051527899675,1.3078822599222815,0.5176497978436174
-0.4244897959183674,-1.2000000000000002,20.619191753125108,9.17163297255864,1.3078822599222815,0.44862982479780183
-0.3591836734693879,-1.2000000000000002,19.73861030846615,10.052214417217591,1.3078822599222815,0.37960985175198625
-0.2938775510204082,-1.2000000000000002,18.858028863807192,10.93279586187655,1.3078822599222815,0.31058987870617055
-0.22857142857142854,-1.2000000000000002,17.977447419148234,11.813377306535514,1.3078822599222815,0.24156990566035474
-0.16326530612244902,-1.2000000000000002,17.09686597448927,12.693958751194472,1.3078822599222815,0.17254993261453916
-0.09795918367346952,-1.2000000000000002,16.216284529830318,13.57454019585343,1.3078822599222815,0.10352995956872366
-0.03265306122448984,-1.2000000000000002,15.335703085171353,14.455121640512388,1.3078822599222815,0.03450998652290788
0.03265306122448984,-1.2000000000000002,14.455121640512388,15.335703085171353,1.3078822599222815,-0.03450998652290788
0.09795918367346952,-1.2000000000000002,13.57454019585343,16.216284529830318,1.3078822599222815,-0.10352995956872366
0.16326530612244886,-1.2000000000000002,12.693958751194472,17.09686597448927,1.3078822599222815,-0.17254993261453905
0.22857142857142854,-1.2000000000000002,11.813377306535514,17.977447419148234,1.3078822599222815,-0.24156990566035474
0.2938775510204082,-1.2000000000000002,10.93279586187655,18.858028863807192,1.3078822599222815,-0.31058987870617055
0.3591836734693875,-1.2000000000000002,10.052214417217598,19.738610308466143,1.3078822599222815,-0.3796098517519859
0.4244897959183672,-1.2000000000000002,9.17163297255864,20.619191753125108,1.3078822599222815,-0.4486298247978017
0.4897959183673469,-1.2000000000000002,8.291051527899675,21.499773197784066,1.3078822599222815,-0.5176497978436174
0.5551020408163266,-1.2000000000000002,7.4104700832407175,22.38035464244303,1.3078822599222815,-0.5866697708894332
0.6204081632653062,-1.2000000000000002,6.5298886385817525,23.26093608710199,1.3078822599222815,-0.655689743935249
0.6857142857142856,-1.2000000000000002,5.649307193922795,24.141517531760947,1.3078822599222815,-0.7247097169810643
0.7510204081632653,-1.2000000000000002,4.768725749263837,25.022098976419908,1.3078822599222815,-0.7937296900268802
0.8163265306122449,-1.2000000000000002,3.8881443046048787,25.902680421078863,1.3078822599222815,-0.8627496630726957
0.8816326530612243,-1.2000000000000002,3.0075628599459208,26.78326186573782,1.3078822599222815,-0.9317696361185112
0.946938775510204,-1.2000000000000002,2.1269814152869557,27.663843310396786,1.3078822599222815,-1.0007896091643271
1.0122448979591836,-1.2000000000000002,1.2463999706279978,28.544424755055744,1.3078822599222815,-1.0698095822101428
1.0775510204081633,-1.2000000000000002,0.36581852596903985,29.425006199714705,1.3078822599222815,-1.1388295552559584
1.142857142857143,-1.2000000000000002,-0.5147629186899252,30.305587644373666,1.3078822599222815,-1.2078495283017745
1.2081632653061223,-1.2000000000000002,-1.395344363348876,31.18616908903262,1.3078822599222815,-1.2768695013475897
1.273469387755102,-1.2000000000000002,-2.275925808007841,32.06675053369158,1.3078822599222815,-1.3458894743934053
1.3387755102040817,-1.2000000000000002,-3.156507252666799,32.94733197835054,1.3078822599222815,-1.414909447439221
1.404081632653061,-1.2000000000000002,-4.037088697325757,33.827913423009505,1.3078822599222815,-1.4839294204850366
1.4693877551020407,-1.2000000000000002,-4.917670141984715,34.708494867668456,1.3078822599222815,-1.552949393530852
1.5346938775510204,-1.2000000000000002,-5.798251586643673,35.58907631232742,1.3078822599222815,-1.6219693665766681
1.6,-1.2000000000000002,-6.678833031302645,36.46965775698638,1.3078822599222815,-1.6909893396224838
-1.6,-1.142857142857143,38.35559050161295,-4.7929002866760655,1.245602152306935,1.6909893396224838
-1.5346938775510204,-1.142857142857143,37.47500905695399,-3.9123188420171147,1.245602152306935,1.6219693665766681
-1.469387755102041,-1.142857142857143,36.59442761229503,-3.0317373973581425,1.245602152306935,1.5529493935308523
-1.4040816326530614,-1.142857142857143,35.71384616763607,-2.1511559526991917,1.245602152306935,1.4839294204850366
-1.3387755102040817,-1.142857142857143,34.833264722977106,-1.2705745080402266,1.245602152306935,1.414909447439221
-1.273469387755102,-1.142857142857143,33.95268327831815,-0.3899930633812687,1.245602152306935,1.3458894743934053
-1.2081632653061225,-1.142857142857143,33.07210183365919,0.4905883812776892,1.245602152306935,1.2768695013475897
-1.142857142857143,-1.142857142857143,32.19152038900023,1.3711698259366472,1.245602152306935,1.2078495283017745
-1.0775510204081633,-1.142857142857143,31.31093894434127,2.251751270595605,1.245602152306935,1.1388295552559584
-1.0122448979591836,-1.142857142857143,30.430357499682312,3.13233271525457,1.245602152306935,1.0698095822101428
-0.9469387755102041,-1.142857142857143,29.549776055023354,4.012914159913528,1.245602152306935,1.0007896091643271
-0.8816326530612246,-1.142857142857143,28.669194610364393,4.893495604572486,1.245602152306935,0.9317696361185116
-0.8163265306122449,-1.142857142857143,27.78861316570543,5.774077049231451,1.245602152306935,0.8627496630726957
-0.7510204081632653,-1.142857142857143,26.908031721046477,6.654658493890402,1.245602152306935,0.7937296900268802
-0.6857142857142857,-1.142857142857143,26.02745027638752,7.53523993854936,1.245602152306935,0.7247097169810645
-0.6204081632653062,-1.142857142857143,25.146868831728558,8.415821383208325,1.245602152306935,0.655689743935249
-0.5551020408163266,-1.142857142857143,24.266287387069596,9.296402827867283,1.245602152306935,0.5866697708894332
-0.4897959183673469,-1.142857142857143,23.385705942410635,10.176984272526248,1.245602152306935,0.5176497978436174
-0.4244897959183674,-1.142857142857143,22.505124497751673,11.057565717185206,1.245602152306935,0.44862982479780183
-0.3591836734693879,-1.142857142857143,21.624543053092722,11.938147161844157,1.245602152306935,0.37960985175198625
-0.2938775510204082,-1.142857142857143,20.743961608433757,12.818728606503122,1.245602152306935,0.31058987870617055
-0.22857142857142854,-1.142857142857143,19.8633801637748,13.69931005116208,1.245602152306935,0.24156990566035474
-0.16326530612244902,-1.142857142857143,18.98279871911584,14.579891495821045,1.245602152306935,0.17254993261453916
-0.09795918367346952,-1.142857142857143,18.102217274456883,15.460472940479995,1.245602152306935,0.10352995956872366
-0.03265306122448984,-1.142857142857143,17.22163582979792,16.34105438513896,1.245602152306935,0.03450998652290788
0.03265306122448984,-1.142857142857143,16.34105438513896,17.22163582979792,1.245602152306935,-0.03450998652290788
0.09795918367346952,-1.142857142857143,15.460472940479995,18.102217274456883,1.245602152306935,-0.10352995956872366
0.16326530612244886,-1.142857142857143,14.579891495821045,18.98279871911584,1.245602152306935,-0.17254993261453905
0.22857142857142854,-1.142857142857143,13.69931005116208,19.8633801637748,1.245602152306935,-0.24156990566035474
0.2938775510204082,-1.142857142857143,12.818728606503122,20.743961608433757,1.245602152306935,-0.31058987870617055
0.3591836734693875,-1.142857142857143,11.938147161844164,21.624543053092715,1.245602152306935,-0.3796098517519859
0.4244897959183672,-1.142857142857143,11.057565717185206,22.505124497751673,1.245602152306935,-0.4486298247978017
0.4897959183673469,-1.142857142857143,10.176984272526248,23.385705942410635,1.245602152306935,-0.5176497978436174
0.5551020408163266,-1.142857142857143,9.296402827867283,24.266287387069596,1.245602152306935,-0.5866697708894332
0.6204081632653062,-1.142857142857143,8.415821383208325,25.146868831728558,1.245602152306935,-0.655689743935249
0.6857142857142856,-1.142857142857143,7.535239938549367,26.027450276387516,1.245602152306935,-0.7247097169810643
0.7510204081632653,-1.142857142857143,6.654658493890402,26.908031721046477,1.245602152306935,-0.7937296900268802
0.8163265306122449,-1.142857142857143,5.774077049231451,27.78861316570543,1.245602152306935,-0.8627496630726957
0.8816326530612243,-1.142857142857143,4.893495604572493,28.66919461036439,1.245602152306935,-0.9317696361185112
0.946938775510204,-1.142857142857143,4.012914159913528,29.549776055023354,1.245602152306935,-1.0007896091643271
1.0122448979591836,-1.142857142857143,3.13233271525457,30.430357499682312,1.245602152306935,-1.0698095822101428
1.0775510204081633,-1.142857142857143,2.251751270595605,31.31093894434127,1.245602152306935,-1.1388295552559584
1.142857142857143,-1.142857142857143,1.3711698259366472,32.19152038900023,1.245602152306935,-1.2078495283017745
1.2081632653061223,-1.142857142857143,0.4905883812776892,33.07210183365919,1.245602152306935,-1.2768695013475897
1.273469387755102,-1.142857142857143,-0.3899930633812687,33.95268327831815,1.245602152306935,-1.3458894743934053
1.3387755102040817,-1.142857142857143,-1.2705745080402266,34.833264722977106,1.245602152306935,-1.414909447439221
1.404081632653061,-1.142857142857143,-2.1511559526991917,35.71384616763607,1.245602152306935,-1.4839294204850366
1.4693877551020407,-1.142857142857143,-3.0317373973581425,36.59442761229502,1.245602152306935,-1.552949393530852
1.5346938775510204,-1.142857142857143,-3.9123188420171147,37.47500905695399,1.245602152306935,-1.6219693665766681
1.6,-1.142857142857143,-4.7929002866760655,38.35559050161295,1.245602152306935,-1.6909893396224838
-1.6,-1.0857142857142859,40.241523246239524,-2.906967542049493,1.1833220446915882,1.6909893396224838
-1.5346938775510204,-1.0857142857142859,39.360941801580566,-2.026386097390535,1.1833220446915882,1.6219693665766681
-1.469387755102041,-1.0857142857142859,38.48036035692161,-1.1458046527315702,1.1833220446915882,1.5529493935308523
-1.4040816326530614,-1.0857142857142859,37.59977891226264,-0.26522320807261934,1.1833220446915882,1.4839294204850366
-1.3387755102040817,-1.0857142857142859,36.719197467603685,0.6153582365863528,1.1833220446915882,1.414909447439221
-1.273469387755102,-1.0857142857142859,35.83861602294473,1.4959396812453036,1.1833220446915882,1.3458894743934053
-1.2081632653061225,-1.0857142857142859,34.95803457828576,2.3765211259042687,1.1833220446915882,1.2768695013475897
-1.142857142857143,-1.0857142857142859,34.07745313362681,3.2571025705632195,1.1833220446915882,1.2078495283017745
-1.0775510204081633,-1.0857142857142859,33.196871688967846,4.137684015222177,1.1833220446915882,1.1388295552559584
-1.0122448979591836,-1.0857142857142859,32.31629024430889,5.01826545988115,1.1833220446915882,1.0698095822101428
-0.9469387755102041,-1.0857142857142859,31.43570879964993,5.8988469045401,1.1833220446915882,1.0007896091643271
-0.8816326530612246,-1.0857142857142859,30.55512735499097,6.7794283491990655,1.1833220446915882,0.9317696361185116
-0.8163265306122449,-1.0857142857142859,29.674545910332007,7.660009793858023,1.1833220446915882,0.8627496630726957
-0.7510204081632653,-1.0857142857142859,28.793964465673053,8.540591238516974,1.1833220446915882,0.7937296900268802
-0.6857142857142857,-1.0857142857142859,27.913383021014095,9.42117268317594,1.1833220446915882,0.7247097169810645
-0.6204081632653062,-1.0857142857142859,27.032801576355133,10.301754127834897,1.1833220446915882,0.655689743935249
-0.5551020408163266,-1.0857142857142859,26.152220131696172,11.182335572493862,1.1833220446915882,0.5866697708894332
-0.4897959183673469,-1.0857142857142859,25.27163868703721,12.06291701715282,1.1833220446915882,0.5176497978436174
-0.4244897959183674,-1.0857142857142859,24.391057242378253,12.943498461811778,1.1833220446915882,0.44862982479780183
-0.3591836734693879,-1.0857142857142859,23.510475797719298,13.824079906470736,1.1833220446915882,0.37960985175198625
-0.2938775510204082,-1.0857142857142859,22.629894353060337,14.704661351129694,1.1833220446915882,0.31058987870617055
-0.22857142857142854,-1.0857142857142859,21.74931290840137,15.585242795788659,1.1833220446915882,0.24156990566035474
-0.16326530612244902,-1.0857142857142859,20.868731463742414,16.465824240447617,1.1833220446915882,0.17254993261453916
-0.09795918367346952,-1.0857142857142859,19.988150019083463,17.346405685106568,1.1833220446915882,0.10352995956872366
-0.03265306122448984,-1.0857142857142859,19.10756857442449,18.22698712976554,1.1833220446915882,0.03450998652290788
0.03265306122448984,-1.0857142857142859,18.22698712976554,19.10756857442449,1.1833220446915882,-0.03450998652290788
0.09795918367346952,-1.0857142857142859,17.346405685106568,19.988150019083463,1.1833220446915882,-0.10352995956872366
0.16326530612244886,-1.0857142857142859,16.465824240447617,20.868731463742414,1.1833220446915882,-0.17254993261453905
0.22857142857142854,-1.0857142857142859,15.585242795788659,21.74931290840137,1.1833220446915882,-0.24156990566035474
0.2938775510204082,-1.0857142857142859,14.704661351129694,22.629894353060337,1.1833220446915882,-0.31058987870617055
0.3591836734693875,-1.0857142857142859,13.824079906470743,23.51047579771929,1.1833220446915882,-0.3796098517519859
0.4244897959183672,-1.0857142857142859,12.943498461811778,24.39105724237825,1.1833220446915882,-0.4486298247978017
0.4897959183673469,-1.0857142857142859,12.06291701715282,25.27163868703721,1.1833220446915882,-0.5176497978436174
0.5551020408163266,-1.0857142857142859,11.182335572493862,26.152220131696172,1.1833220446915882,-0.5866697708894332
0.6204081632653062,-1.0857142857142859,10.301754127834897,27.032801576355133,1.1833220446915882,-0.655689743935249
0.6857142857142856,-1.0857142857142859,9.421172683175946,27.91338302101409,1.1833220446915882,-0.7247097169810643
0.7510204081632653,-1.0857142857142859,8.540591238516974,28.793964465673053,1.1833220446915882,-0.7937296900268802
0.8163265306122449,-1.0857142857142859,7.660009793858023,29.674545910332007,1.1833220446915882,-0.8627496630726957
0.8816326530612243,-1.0857142857142859,6.779428349199073,30.555127354990965,1.1833220446915882,-0.9317696361185112
0.946938775510204,-1.0857142857142859,5.8988469045401,31.43570879964993,1.1833220446915882,-1.0007896091643271
1.0122448979591836,-1.0857142857142859,5.01826545988115,32.31629024430889,1.1833220446915882,-1.0698095822101428
1.0775510204081633,-1.0857142857142859,4.137684015222177,33.196871688967846,1.1833220446915882,-1.1388295552559584
1.142857142857143,-1.0857142857142859,3.2571025705632195,34.07745313362681,1.1833220446915882,-1.2078495283017745
1.2081632653061223,-1.0857142857142859,2.3765211259042687,34.95803457828576,1.1833220446915882,-1.2768695013475897
1.273469387755102,-1.0857142857142859,1.4959396812453036,35.83861602294473,1.1833220446915882,-1.3458894743934053
1.3387755102040817,-1.0857142857142859,0.6153582365863528,36.719197467603685,1.1833220446915882,-1.414909447439221
1.404081632653061,-1.0857142857142859,-0.26522320807261934,37.59977891226264,1.1833220446915882,-1.4839294204850366
1.4693877551020407,-1.0857142857142859,-1.1458046527315702,38.4803603569216,1.1833220446915882,-1.552949393530852
1.5346938775510204,-1.0857142857142859,-2.026386097390535,39.360941801580566,1.1833220446915882,-1.6219693665766681
1.6,-1.0857142857142859,-2.906967542049493,40.241523246239524,1.1833220446915882,-1.6909893396224838
-1.6,-1.0285714285714287,42.12745599086611,-1.0210347974229137,1.1210419370762414,1.6909893396224838
-1.5346938775510204,-1.0285714285714287,41.24687454620715,-0.14045335276394866,1.1210419370762414,1.6219693665766681
-1.469387755102041,-1.0285714285714287,40.36629310154819,0.7401280918950022,1.1210419370762414,1.5529493935308523
-1.4040816326530614,-1.0285714285714287,39.48571165688923,1.6207095365539743,1.1210419370762414,1.4839294204850366
-1.3387755102040817,-1.0285714285714287,38.605130212230264,2.501290981212925,1.1210419370762414,1.414909447439221
-1.273469387755102,-1.0285714285714287,37.72454876757131,3.38187242587189,1.1210419370762414,1.3458894743934053
-1.2081632653061225,-1.0285714285714287,36.84396732291235,4.262453870530848,1.1210419370762414,1.2768695013475897
-1.142857142857143,-1.0285714285714287,35.96338587825339,5.143035315189799,1.1210419370762414,1.2078495283017745
-1.0775510204081633,-1.0285714285714287,35.08280443359443,6.023616759848771,1.1210419370762414,1.1388295552559584
-1.0122448979591836,-1.0285714285714287,34.20222298893547,6.904198204507722,1.1210419370762414,1.0698095822101428
-0.9469387755102041,-1.0285714285714287,33.32164154427652,7.784779649166687,1.1210419370762414,1.0007896091643271
-0.8816326530612246,-1.0285714285714287,32.44106009961755,8.665361093825645,1.1210419370762414,0.9317696361185116
-0.8163265306122449,-1.0285714285714287,31.56047865495859,9.545942538484603,1.1210419370762414,0.8627496630726957
-0.7510204081632653,-1.0285714285714287,30.679897210299636,10.42652398314356,1.1210419370762414,0.7937296900268802
-0.6857142857142857,-1.0285714285714287,29.799315765640674,11.307105427802519,1.1210419370762414,0.7247097169810645
-0.6204081632653062,-1.0285714285714287,28.918734320981716,12.187686872461484,1.1210419370762414,0.655689743935249
-0.5551020408163266,-1.0285714285714287,28.038152876322755,13.068268317120442,1.1210419370762414,0.5866697708894332
-0.4897959183673469,-1.0285714285714287,27.157571431663794,13.9488497617794,1.1210419370762414,0.5176497978436174
-0.4244897959183674,-1.0285714285714287,26.276989987004836,14.829431206438365,1.1210419370762414,0.44862982479780183
-0.3591836734693879,-1.0285714285714287,25.396408542345878,15.710012651097315,1.1210419370762414,0.37960985175198625
-0.2938775510204082,-1.0285714285714287,24.51582709768692,16.59059409575628,1.1210419370762414,0.31058987870617055
-0.22857142857142854,-1.0285714285714287,23.635245653027955,17.47117554041524,1.1210419370762414,0.24156990566035474
-0.16326530612244902,-1.0285714285714287,22.754664208368997,18.351756985074196,1.1210419370762414,0.17254993261453916
-0.09795918367346952,-1.0285714285714287,21.874082763710042,19.232338429733154,1.1210419370762414,0.10352995956872366
-0.03265306122448984,-1.0285714285714287,20.993501319051084,20.112919874392112,1.1210419370762414,0.03450998652290788
0.03265306122448984,-1.0285714285714287,20.112919874392112,20.993501319051084,1.1210419370762414,-0.03450998652290788
0.09795918367346952,-1.0285714285714287,19.232338429733154,21.874082763710042,1.1210419370762414,-0.10352995956872366
0.16326530612244886,-1.0285714285714287,18.351756985074196,22.754664208368997,1.1210419370762414,-0.17254993261453905
0.22857142857142854,-1.0285714285714287,17.47117554041524,23.635245653027955,1.1210419370762414,-0.24156990566035474
0.2938775510204082,-1.0285714285714287,16.59059409575628,24.51582709768692,1.1210419370762414,-0.31058987870617055
0.3591836734693875,-1.0285714285714287,15.710012651097323,25.39640854234587,1.1210419370762414,-0.3796098517519859
0.4244897959183672,-1.0285714285714287,14.829431206438365,26.276989987004832,1.1210419370762414,-0.4486298247978017
0.4897959183673469,-1.0285714285714287,13.9488497617794,27.157571431663794,1.1210419370762414,-0.5176497978436174
0.5551020408163266,-1.0285714285714287,13.068268317120442,28.038152876322755,1.1210419370762414,-0.5866697708894332
0.6204081632653062,-1.0285714285714287,12.187686872461484,28.918734320981716,1.1210419370762414,-0.655689743935249
0.6857142857142856,-1.0285714285714287,11.307105427802519,29.79931576564067,1.1210419370762414,-0.7247097169810643
0.7510204081632653,-1.0285714285714287,10.42652398314356,30.679897210299636,1.1210419370762414,-0.7937296900268802
0.8163265306122449,-1.0285714285714287,9.545942538484603,31.56047865495859,1.1210419370762414,-0.8627496630726957
0.8816326530612243,-1.0285714285714287,8.665361093825645,32.441060099617545,1.1210419370762414,-0.9317696361185112
0.946938775510204,-1.0285714285714287,7.784779649166687,33.32164154427652,1.1210419370762414,-1.0007896091643271
1.0122448979591836,-1.0285714285714287,6.904198204507722,34.20222298893547,1.1210419370762414,-1.0698095822101428
1.0775510204081633,-1.0285714285714287,6.023616759848771,35.08280443359443,1.1210419370762414,-1.1388295552559584
1.142857142857143,-1.0285714285714287,5.143035315189799,35.96338587825339,1.1210419370762414,-1.2078495283017745
1.2081632653061223,-1.0285714285714287,4.262453870530848,36.84396732291235,1.1210419370762414,-1.2768695013475897
1.273469387755102,-1.0285714285714287,3.38187242587189,37.72454876757131,1.1210419370762414,-1.3458894743934053
1.3387755102040817,-1.0285714285714287,2.501290981212925,38.605130212230264,1.1210419370762414,-1.414909447439221
1.404081632653061,-1.0285714285714287,1.6207095365539743,39.48571165688923,1.1210419370762414,-1.4839294204850366
1.4693877551020407,-1.0285714285714287,0.7401280918950093,40.36629310154818,1.1210419370762414,-1.552949393530852
1.5346938775510204,-1.0285714285714287,-0.14045335276394866,41.24687454620715,1.1210419370762414,-1.6219693665766681
1.6,-1.0285714285714287,-1.0210347974229137,42.12745599086611,1.1210419370762414,-1.6909893396224838
-1.6,-0.9714285714285716,44.01338873549268,0.8648979472036586,1.0587618294608947,1.6909893396224838
-1.5346938775510204,-0.9714285714285716,43.132807290833725,1.7454793918626237,1.0587618294608947,1.6219693665766681
-1.469387755102041,-0.9714285714285716,42.25222584617477,2.6260608365215816,1.0587618294608947,1.5529493935308523
-1.4040816326530614,-0.9714285714285716,41.3716444015158,3.5066422811805467,1.0587618294608947,1.4839294204850366
-1.3387755102040817,-0.9714285714285716,40.491062956856844,4.387223725839505,1.0587618294608947,1.414909447439221
-1.273469387755102,-0.9714285714285716,39.610481512197886,5.2678051704984625,1.0587618294608947,1.3458894743934053
-1.2081632653061225,-0.9714285714285716,38.72990006753892,6.1483866151574205,1.0587618294608947,1.2768695013475897
-1.142857142857143,-0.9714285714285716,37.84931862287997,7.028968059816378,1.0587618294608947,1.2078495283017745
-1.0775510204081633,-0.9714285714285716,36.968737178221005,7.909549504475343,1.0587618294608947,1.1388295552559584
-1.0122448979591836,-0.9714285714285716,36.08815573356205,8.790130949134301,1.0587618294608947,1.0698095822101428
-0.9469387755102041,-0.9714285714285716,35.20757428890309,9.67071239379326,1.0587618294608947,1.0007896091643271
-0.8816326530612246,-0.9714285714285716,34.32699284424413,10.551293838452224,1.0587618294608947,0.9317696361185116
-0.8163265306122449,-0.9714285714285716,33.446411399585166,11.431875283111182,1.0587618294608947,0.8627496630726957
-0.7510204081632653,-0.9714285714285716,32.565829954926215,12.312456727770133,1.0587618294608947,0.7937296900268802
-0.6857142857142857,-0.9714285714285716,31.68524851026725,13.193038172429098,1.0587618294608947,0.7247097169810645
-0.6204081632653062,-0.9714285714285716,30.804667065608292,14.073619617088056,1.0587618294608947,0.655689743935249
-0.5551020408163266,-0.9714285714285716,29.92408562094933,14.954201061747021,1.0587618294608947,0.5866697708894332
-0.4897959183673469,-0.9714285714285716,29.04350417629037,15.834782506405979,1.0587618294608947,0.5176497978436174
-0.4244897959183674,-0.9714285714285716,28.16292273163141,16.715363951064937,1.0587618294608947,0.44862982479780183
-0.3591836734693879,-0.9714285714285716,27.282341286972454,17.595945395723895,1.0587618294608947,0.37960985175198625
-0.2938775510204082,-0.9714285714285716,26.401759842313492,18.476526840382853,1.0587618294608947,0.31058987870617055
-0.22857142857142854,-0.9714285714285716,25.52117839765453,19.357108285041818,1.0587618294608947,0.24156990566035474
-0.16326530612244902,-0.9714285714285716,24.640596952995573,20.237689729700776,1.0587618294608947,0.17254993261453916
-0.09795918367346952,-0.9714285714285716,23.760015508336615,21.118271174359727,1.0587618294608947,0.10352995956872366
-0.03265306122448984,-0.9714285714285716,22.879434063677657,21.99885261901869,1.0587618294608947,0.03450998652290788
0.03265306122448984,-0.9714285714285716,21.99885261901869,22.879434063677657,1.0587618294608947,-0.03450998652290788
0.09795918367346952,-0.9714285714285716,21.118271174359727,23.760015508336615,1.0587618294608947,-0.10352995956872366
0.16326530612244886,-0.9714285714285716,20.237689729700776,24.640596952995573,1.0587618294608947,-0.17254993261453905
0.22857142857142854,-0.9714285714285716,19.357108285041818,25.52117839765453,1.0587618294608947,-0.24156990566035474
0.2938775510204082,-0.9714285714285716,18.476526840382853,26.401759842313492,1.0587618294608947,-0.31058987870617055
0.3591836734693875,-0.9714285714285716,17.595945395723902,27.282341286972446,1.0587618294608947,-0.3796098517519859
0.4244897959183672,-0.9714285714285716,16.715363951064937,28.162922731631408,1.0587618294608947,-0.4486298247978017
0.4897959183673469,-0.9714285714285716,15.834782506405979,29.04350417629037,1.0587618294608947,-0.5176497978436174
0.5551020408163266,-0.9714285714285716,14.954201061747021,29.92408562094933,1.0587618294608947,-0.5866697708894332
0.6204081632653062,-0.9714285714285716,14.073619617088056,30.804667065608292,1.0587618294608947,-0.655689743935249
0.6857142857142856,-0.9714285714285716,13.193038172429098,31.685248510267247,1.0587618294608947,-0.7247097169810643
0.7510204081632653,-0.9714285714285716,12.312456727770133,32.565829954926215,1.0587618294608947,-0.7937296900268802
0.8163265306122449,-0.9714285714285716,11.431875283111182,33.446411399585166,1.0587618294608947,-0.8627496630726957
0.8816326530612243,-0.9714285714285716,10.551293838452224,34.326992844244124,1.0587618294608947,-0.9317696361185112
0.946938775510204,-0.9714285714285716,9.67071239379326,35.20757428890309,1.0587618294608947,-1.0007896091643271
1.0122448979591836,-0.9714285714285716,8.790130949134301,36.08815573356205,1.0587618294608947,-1.0698095822101428
1.0775510204081633,-0.9714285714285716,7.909549504475343,36.968737178221005,1.0587618294608947,-1.1388295552559584
1.142857142857143,-0.9714285714285716,7.028968059816378,37.84931862287997,1.0587618294608947,-1.2078495283017745
1.2081632653061223,-0.9714285714285716,6.1483866151574205,38.72990006753892,1.0587618294608947,-1.2768695013475897
1.273469387755102,-0.9714285714285716,5.2678051704984625,39.610481512197886,1.0587618294608947,-1.3458894743934053
1.3387755102040817,-0.9714285714285716,4.387223725839505,40.491062956856844,1.0587618294608947,-1.414909447439221
1.404081632653061,-0.9714285714285716,3.5066422811805467,41.3716444015158,1.0587618294608947,-1.4839294204850366
1.4693877551020407,-0.9714285714285716,2.6260608365215887,42.25222584617476,1.0587618294608947,-1.552949393530852
1.5346938775510204,-0.9714285714285716,1.7454793918626237,43.132807290833725,1.0587618294608947,-1.6219693665766681
1.6,-0.9714285714285716,0.8648979472036586,44.01338873549268,1.0587618294608947,-1.6909893396224838
-1.6,-0.9142857142857143,45.899321480119276,2.750830691830245,0.9964817218455477,1.6909893396224838
-1.5346938775510204,-0.9142857142857143,45.01874003546031,3.6314121364892173,0.9964817218455477,1.6219693665766681
-1.469387755102041,-0.9142857142857143,44.13815859080135,4.511993581148168,0.9964817218455477,1.5529493935308523
-1.4040816326530614,-0.9142857142857143,43.257577146142395,5.39257502580714,0.9964817218455477,1.4839294204850366
-1.3387755102040817,-0.9142857142857143,42.37699570148343,6.273156470466091,0.9964817218455477,1.414909447439221
-1.273469387755102,-0.9142857142857143,41.49641425682447,7.153737915125049,0.9964817218455477,1.3458894743934053
-1.2081632653061225,-0.9142857142857143,40.615832812165515,8.034319359784014,0.9964817218455477,1.2768695013475897
-1.142857142857143,-0.9142857142857143,39.735251367506564,8.914900804442965,0.9964817218455477,1.2078495283017745
-1.0775510204081633,-0.9142857142857143,38.85466992284759,9.795482249101937,0.9964817218455477,1.1388295552559584
-1.0122448979591836,-0.9142857142857143,37.974088478188634,10.676063693760888,0.9964817218455477,1.0698095822101428
-0.9469387755102041,-0.9142857142857143,37.093507033529676,11.556645138419853,0.9964817218455477,1.0007896091643271
-0.8816326530612246,-0.9142857142857143,36.21292558887072,12.437226583078811,0.9964817218455477,0.9317696361185116
-0.8163265306122449,-0.9142857142857143,35.33234414421176,13.317808027737769,0.9964817218455477,0.8627496630726957
-0.7510204081632653,-0.9142857142857143,34.4517626995528,14.198389472396727,0.9964817218455477,0.7937296900268802
-0.6857142857142857,-0.9142857142857143,33.571181254893844,15.078970917055685,0.9964817218455477,0.7247097169810645
-0.6204081632653062,-0.9142857142857143,32.69059981023488,15.95955236171465,0.9964817218455477,0.655689743935249
-0.5551020408163266,-0.9142857142857143,31.81001836557592,16.840133806373608,0.9964817218455477,0.5866697708894332
-0.4897959183673469,-0.9142857142857143,30.92943692091696,17.720715251032566,0.9964817218455477,0.5176497978436174
-0.4244897959183674,-0.9142857142857143,30.048855476258,18.60129669569153,0.9964817218455477,0.44862982479780183
-0.3591836734693879,-0.9142857142857143,29.168274031599044,19.48187814035048,0.9964817218455477,0.37960985175198625
-0.2938775510204082,-0.9142857142857143,28.287692586940082,20.362459585009447,0.9964817218455477,0.31058987870617055
-0.22857142857142854,-0.9142857142857143,27.40711114228112,21.243041029668404,0.9964817218455477,0.24156990566035474
-0.16326530612244902,-0.9142857142857143,26.526529697622163,22.123622474327362,0.9964817218455477,0.17254993261453916
-0.09795918367346952,-0.9142857142857143,25.645948252963205,23.00420391898632,0.9964817218455477,0.10352995956872366
-0.03265306122448984,-0.9142857142857143,24.765366808304243,23.884785363645282,0.9964817218455477,0.03450998652290788
0.03265306122448984,-0.9142857142857143,23.884785363645282,24.765366808304243,0.9964817218455477,-0.03450998652290788
0.09795918367346952,-0.9142857142857143,23.00420391898632,25.645948252963205,0.9964817218455477,-0.10352995956872366
0.16326530612244886,-0.9142857142857143,22.123622474327362,26.526529697622163,0.9964817218455477,-0.17254993261453905
0.22857142857142854,-0.9142857142857143,21.243041029668404,27.40711114228112,0.9964817218455477,-0.24156990566035474
0.2938775510204082,-0.9142857142857143,20.362459585009447,28.287692586940082,0.9964817218455477,-0.31058987870617055
0.3591836734693875,-0.9142857142857143,19.48187814035049,29.168274031599037,0.9964817218455477,-0.3796098517519859
0.4244897959183672,-0.9142857142857143,18.60129669569153,30.048855476257998,0.9964817218455477,-0.4486298247978017
0.4897959183673469,-0.9142857142857143,17.720715251032566,30.92943692091696,0.9964817218455477,-0.5176497978436174
0.5551020408163266,-0.9142857142857143,16.840133806373608,31.81001836557592,0.9964817218455477,-0.5866697708894332
0.6204081632653062,-0.9142857142857143,15.95955236171465,32.69059981023488,0.9964817218455477,-0.655689743935249
0.6857142857142856,-0.9142857142857143,15.078970917055685,33.57118125489384,0.9964817218455477,-0.7247097169810643
0.7510204081632653,-0.9142857142857143,14.198389472396727,34.4517626995528,0.9964817218455477,-0.7937296900268802
0.8163265306122449,-0.9142857142857143,13.317808027737769,35.33234414421176,0.9964817218455477,-0.8627496630726957
0.8816326530612243,-0.9142857142857143,12.437226583078811,36.21292558887072,0.9964817218455477,-0.9317696361185112
0.946938775510204,-0.9142857142857143,11.556645138419853,37.093507033529676,0.9964817218455477,-1.0007896091643271
1.0122448979591836,-0.9142857142857143,10.676063693760888,37.974088478188634,0.9964817218455477,-1.0698095822101428
1.0775510204081633,-0.9142857142857143,9.795482249101937,38.85466992284759,0.9964817218455477,-1.1388295552559584
1.142857142857143,-0.9142857142857143,8.914900804442965,39.735251367506564,0.9964817218455477,-1.2078495283017745
1.2081632653061223,-0.9142857142857143,8.034319359784014,40.615832812165515,0.9964817218455477,-1.2768695013475897
1.273469387755102,-0.9142857142857143,7.153737915125049,41.49641425682447,0.9964817218455477,-1.3458894743934053
1.3387755102040817,-0.9142857142857143,6.273156470466091,42.37699570148343,0.9964817218455477,-1.414909447439221
1.404081632653061,-0.9142857142857143,5.39257502580714,43.257577146142395,0.9964817218455477,-1.4839294204850366
1.4693877551020407,-0.9142857142857143,4.511993581148175,44.13815859080135,0.9964817218455477,-1.552949393530852
1.5346938775510204,-0.9142857142857143,3.6314121364892173,45.01874003546031,0.9964817218455477,-1.6219693665766681
1.6,-0.9142857142857143,2.750830691830245,45.899321480119276,0.9964817218455477,-1.6909893396224838
-1.6,-0.8571428571428572,47.78525422474585,4.636763436456825,0.934201614230201,1.6909893396224838
-1.5346938775510204,-0.8571428571428572,46.90467278008689,5.51734488111579,0.934201614230201,1.6219693665766681
-1.469387755102041,-0.8571428571428572,46.024091335427926,6.397926325774748,0.934201614230201,1.5529493935308523
-1.4040816326530614,-0.8571428571428572,45.14350989076897,7.278507770433713,0.934201614230201,1.4839294204850366
-1.3387755102040817,-0.8571428571428572,44.26292844611001,8.15908921509267,0.934201614230201,1.414909447439221
-1.273469387755102,-0.8571428571428572,43.38234700145105,9.039670659751629,0.934201614230201,1.3458894743934053
-1.2081632653061225,-0.8571428571428572,42.50176555679209,9.920252104410586,0.934201614230201,1.2768695013475897
-1.142857142857143,-0.8571428571428572,41.621184112133136,10.800833549069544,0.934201614230201,1.2078495283017745
-1.0775510204081633,-0.8571428571428572,40.74060266747417,11.68141499372851,0.934201614230201,1.1388295552559584
-1.0122448979591836,-0.8571428571428572,39.860021222815206,12.561996438387467,0.934201614230201,1.0698095822101428
-0.9469387755102041,-0.8571428571428572,38.979439778156255,13.442577883046425,0.934201614230201,1.0007896091643271
-0.8816326530612246,-0.8571428571428572,38.09885833349729,14.323159327705383,0.934201614230201,0.9317696361185116
-0.8163265306122449,-0.8571428571428572,37.21827688883833,15.203740772364348,0.934201614230201,0.8627496630726957
-0.7510204081632653,-0.8571428571428572,36.337695444179374,16.0843222170233,0.934201614230201,0.7937296900268802
-0.6857142857142857,-0.8571428571428572,35.457113999520416,16.964903661682264,0.934201614230201,0.7247097169810645
-0.6204081632653062,-0.8571428571428572,34.57653255486146,17.845485106341222,0.934201614230201,0.655689743935249
-0.5551020408163266,-0.8571428571428572,33.69595111020249,18.72606655100018,0.934201614230201,0.5866697708894332
-0.4897959183673469,-0.8571428571428572,32.815369665543535,19.606647995659145,0.934201614230201,0.5176497978436174
-0.4244897959183674,-0.8571428571428572,31.934788220884577,20.487229440318103,0.934201614230201,0.44862982479780183
-0.3591836734693879,-0.8571428571428572,31.05420677622562,21.36781088497706,0.934201614230201,0.37960985175198625
-0.2938775510204082,-0.8571428571428572,30.173625331566658,22.24839232963602,0.934201614230201,0.31058987870617055
-0.22857142857142854,-0.8571428571428572,29.293043886907693,23.12897377429498,0.934201614230201,0.24156990566035474
-0.16326530612244902,-0.8571428571428572,28.41246244224874,24.009555218953942,0.934201614230201,0.17254993261453916
-0.09795918367346952,-0.8571428571428572,27.53188099758978,24.890136663612896,0.934201614230201,0.10352995956872366
-0.03265306122448984,-0.8571428571428572,26.65129955293082,25.770718108271858,0.934201614230201,0.03450998652290788
0.03265306122448984,-0.8571428571428572,25.770718108271858,26.65129955293082,0.934201614230201,-0.03450998652290788
0.09795918367346952,-0.8571428571428572,24.890136663612896,27.53188099758978,0.934201614230201,-0.10352995956872366
0.16326530612244886,-0.8571428571428572,24.009555218953942,28.41246244224874,0.934201614230201,-0.17254993261453905
0.22857142857142854,-0.8571428571428572,23.12897377429498,29.293043886907693,0.934201614230201,-0.24156990566035474
0.2938775510204082,-0.8571428571428572,22.24839232963602,30.173625331566658,0.934201614230201,-0.31058987870617055
0.3591836734693875,-0.8571428571428572,21.367810884977068,31.054206776225612,0.934201614230201,-0.3796098517519859
0.4244897959183672,-0.8571428571428572,20.487229440318103,31.934788220884574,0.934201614230201,-0.4486298247978017
0.4897959183673469,-0.8571428571428572,19.606647995659145,32.815369665543535,0.934201614230201,-0.5176497978436174
0.5551020408163266,-0.8571428571428572,18.72606655100018,33.69595111020249,0.934201614230201,-0.5866697708894332
0.6204081632653062,-0.8571428571428572,17.845485106341222,34.57653255486146,0.934201614230201,-0.655689743935249
0.6857142857142856,-0.8571428571428572,16.964903661682264,35.457113999520416,0.934201614230201,-0.7247097169810643
0.7510204081632653,-0.8571428571428572,16.0843222170233,36.337695444179374,0.934201614230201,-0.7937296900268802
0.8163265306122449,-0.8571428571428572,15.203740772364348,37.21827688883833,0.934201614230201,-0.8627496630726957
0.8816326530612243,-0.8571428571428572,14.323159327705383,38.09885833349729,0.934201614230201,-0.9317696361185112
0.946938775510204,-0.8571428571428572,13.442577883046425,38.979439778156255,0.934201614230201,-1.0007896091643271
1.0122448979591836,-0.8571428571428572,12.561996438387467,39.860021222815206,0.934201614230201,-1.0698095822101428
1.0775510204081633,-0.8571428571428572,11.68141499372851,40.74060266747417,0.934201614230201,-1.1388295552559584
1.142857142857143,-0.8571428571428572,10.800833549069544,41.621184112133136,0.934201614230201,-1.2078495283017745
1.2081632653061223,-0.8571428571428572,9.920252104410586,42.50176555679209,0.934201614230201,-1.2768695013475897
1.273469387755102,-0.8571428571428572,9.039670659751629,43.38234700145105,0.934201614230201,-1.3458894743934053
1.3387755102040817,-0.8571428571428572,8.15908921509267,44.26292844611001,0.934201614230201,-1.414909447439221
1.404081632653061,-0.8571428571428572,7.278507770433713,45.14350989076897,0.934201614230201,-1.4839294204850366
1.4693877551020407,-0.8571428571428572,6.397926325774755,46.024091335427926,0.934201614230201,-1.552949393530852
1.5346938775510204,-0.8571428571428572,5.51734488111579,46.90467278008689,0.934201614230201,-1.6219693665766681
1.6,-0.8571428571428572,4.636763436456825,47.78525422474585,0.934201614230201,-1.6909893396224838
-1.6,-0.8,49.67118696937242,6.522696181083397,0.8719215066148545,1.6909893396224838
-1.5346938775510204,-0.8,48.79060552471346,7.403277625742362,0.8719215066148545,1.6219693665766681
-1.469387755102041,-0.8,47.9100240800545,8.28385907040132,0.8719215066148545,1.5529493935308523
-1.4040816326530614,-0.8,47.02944263539554,9.164440515060285,0.8719215066148545,1.4839294204850366
-1.3387755102040817,-0.8,46.14886119073658,10.045021959719243,0.8719215066148545,1.414909447439221
-1.273469387755102,-0.8,45.268279746077624,10.925603404378194,0.8719215066148545,1.3458894743934053
-1.2081632653061225,-0.8,44.38769830141866,11.806184849037166,0.8719215066148545,1.2768695013475897
-1.142857142857143,-0.8,43.50711685675971,12.686766293696117,0.8719215066148545,1.2078495283017745
-1.0775510204081633,-0.8,42.62653541210074,13.567347738355082,0.8719215066148545,1.1388295552559584
-1.0122448979591836,-0.8,41.74595396744178,14.44792918301404,0.8719215066148545,1.0698095822101428
-0.9469387755102041,-0.8,40.86537252278283,15.32851062767299,0.8719215066148545,1.0007896091643271
-0.8816326530612246,-0.8,39.98479107812386,16.209092072331956,0.8719215066148545,0.9317696361185116
-0.8163265306122449,-0.8,39.104209633464905,17.089673516990914,0.8719215066148545,0.8627496630726957
-0.7510204081632653,-0.8,38.22362818880595,17.97025496164988,0.8719215066148545,0.7937296900268802
-0.6857142857142857,-0.8,37.34304674414699,18.850836406308837,0.8719215066148545,0.7247097169810645
-0.6204081632653062,-0.8,36.46246529948803,19.731417850967787,0.8719215066148545,0.655689743935249
-0.5551020408163266,-0.8,35.581883854829066,20.61199929562676,0.8719215066148545,0.5866697708894332
-0.4897959183673469,-0.8,34.70130241017011,21.49258074028571,0.8719215066148545,0.5176497978436174
-0.4244897959183674,-0.8,33.82072096551115,22.373162184944675,0.8719215066148545,0.44862982479780183
-0.3591836734693879,-0.8,32.940139520852185,23.253743629603633,0.8719215066148545,0.37960985175198625
-0.2938775510204082,-0.8,32.05955807619323,24.134325074262595,0.8719215066148545,0.31058987870617055
-0.22857142857142854,-0.8,31.178976631534265,25.014906518921556,0.8719215066148545,0.24156990566035474
-0.16326530612244902,-0.8,30.29839518687531,25.895487963580514,0.8719215066148545,0.17254993261453916
-0.09795918367346952,-0.8,29.417813742216353,26.77606940823947,0.8719215066148545,0.10352995956872366
-0.03265306122448984,-0.8,28.53723229755739,27.65665085289843,0.8719215066148545,0.03450998652290788
0.03265306122448984,-0.8,27.65665085289843,28.53723229755739,0.8719215066148545,-0.03450998652290788
0.09795918367346952,-0.8,26.77606940823947,29.417813742216353,0.8719215066148545,-0.10352995956872366
0.16326530612244886,-0.8,25.895487963580514,30.29839518687531,0.8719215066148545,-0.17254993261453905
0.22857142857142854,-0.8,25.014906518921556,31.178976631534265,0.8719215066148545,-0.24156990566035474
0.2938775510204082,-0.8,24.134325074262595,32.05955807619323,0.8719215066148545,-0.31058987870617055
0.3591836734693875,-0.8,23.253743629603637,32.940139520852185,0.8719215066148545,-0.3796098517519859
0.4244897959183672,-0.8,22.373162184944675,33.82072096551114,0.8719215066148545,-0.4486298247978017
0.4897959183673469,-0.8,21.49258074028571,34.70130241017011,0.8719215066148545,-0.5176497978436174
0.5551020408163266,-0.8,20.61199929562676,35.581883854829066,0.8719215066148545,-0.5866697708894332
0.6204081632653062,-0.8,19.731417850967787,36.46246529948803,0.8719215066148545,-0.655689743935249
0.6857142857142856,-0.8,18.850836406308837,37.34304674414699,0.8719215066148545,-0.7247097169810643
0.7510204081632653,-0.8,17.97025496164988,38.22362818880595,0.8719215066148545,-0.7937296900268802
0.8163265306122449,-0.8,17.089673516990914,39.104209633464905,0.8719215066148545,-0.8627496630726957
0.8816326530612243,-0.8,16.209092072331963,39.98479107812386,0.8719215066148545,-0.9317696361185112
0.946938775510204,-0.8,15.32851062767299,40.86537252278283,0.8719215066148545,-1.0007896091643271
1.0122448979591836,-0.8,14.44792918301404,41.74595396744178,0.8719215066148545,-1.0698095822101428
1.0775510204081633,-0.8,13.567347738355082,42.62653541210074,0.8719215066148545,-1.1388295552559584
1.142857142857143,-0.8,12.686766293696117,43.50711685675971,0.8719215066148545,-1.2078495283017745
1.2081632653061223,-0.8,11.806184849037166,44.38769830141866,0.8719215066148545,-1.2768695013475897
1.273469387755102,-0.8,10.925603404378194,45.268279746077624,0.8719215066148545,-1.3458894743934053
1.3387755102040817,-0.8,10.045021959719243,46.14886119073658,0.8719215066148545,-1.414909447439221
1.404081632653061,-0.8,9.164440515060285,47.02944263539554,0.8719215066148545,-1.4839294204850366
1.4693877551020407,-0.8,8.28385907040132,47.9100240800545,0.8719215066148545,-1.552949393530852
1.5346938775510204,-0.8,7.403277625742362,48.79060552471346,0.8719215066148545,-1.6219693665766681
1.6,-0.8,6.522696181083397,49.67118696937242,0.8719215066148545,-1.6909893396224838
-1.6,-0.7428571428571429,51.557119713999,8.408628925709976,0.8096413989995076,1.6909893396224838
-1.5346938775510204,-0.7428571428571429,50.67653826934004,9.289210370368941,0.8096413989995076,1.6219693665766681
-1.469387755102041,-0.7428571428571429,49.79595682468108,10.1697918150279,0.8096413989995076,1.5529493935308523
-1.4040816326530614,-0.7428571428571429,48.91537538002212,11.050373259686864,0.8096413989995076,1.4839294204850366
-1.3387755102040817,-0.7428571428571429,48.034793935363155,11.930954704345815,0.8096413989995076,1.414909447439221
-1.273469387755102,-0.7428571428571429,47.1542124907042,12.81153614900478,0.8096413989995076,1.3458894743934053
-1.2081632653061225,-0.7428571428571429,46.27363104604524,13.692117593663738,0.8096413989995076,1.2768695013475897
-1.142857142857143,-0.7428571428571429,45.39304960138629,14.572699038322696,0.8096413989995076,1.2078495283017745
-1.0775510204081633,-0.7428571428571429,44.51246815672732,15.453280482981661,0.8096413989995076,1.1388295552559584
-1.0122448979591836,-0.7428571428571429,43.631886712068365,16.333861927640612,0.8096413989995076,1.0698095822101428
-0.9469387755102041,-0.7428571428571429,42.75130526740941,17.214443372299577,0.8096413989995076,1.0007896091643271
-0.8816326530612246,-0.7428571428571429,41.87072382275045,18.095024816958535,0.8096413989995076,0.9317696361185116
-0.8163265306122449,-0.7428571428571429,40.990142378091484,18.9756062616175,0.8096413989995076,0.8627496630726957
-0.7510204081632653,-0.7428571428571429,40.109560933432526,19.85618770627645,0.8096413989995076,0.7937296900268802
-0.6857142857142857,-0.7428571428571429,39.22897948877357,20.73676915093541,0.8096413989995076,0.7247097169810645
-0.6204081632653062,-0.7428571428571429,38.3483980441146,21.617350595594374,0.8096413989995076,0.655689743935249
-0.5551020408163266,-0.7428571428571429,37.467816599455645,22.497932040253332,0.8096413989995076,0.5866697708894332
-0.4897959183673469,-0.7428571428571429,36.58723515479669,23.378513484912293,0.8096413989995076,0.5176497978436174
-0.4244897959183674,-0.7428571428571429,35.70665371013773,24.25909492957125,0.8096413989995076,0.44862982479780183
-0.3591836734693879,-0.7428571428571429,34.82607226547877,25.13967637423021,0.8096413989995076,0.37960985175198625
-0.2938775510204082,-0.7428571428571429,33.94549082081981,26.02025781888917,0.8096413989995076,0.31058987870617055
-0.22857142857142854,-0.7428571428571429,33.06490937616084,26.900839263548136,0.8096413989995076,0.24156990566035474
-0.16326530612244902,-0.7428571428571429,32.18432793150188,27.78142070820709,0.8096413989995076,0.17254993261453916
-0.09795918367346952,-0.7428571428571429,31.303746486842932,28.662002152866048,0.8096413989995076,0.10352995956872366
-0.03265306122448984,-0.7428571428571429,30.42316504218397,29.54258359752501,0.8096413989995076,0.03450998652290788
0.03265306122448984,-0.7428571428571429,29.54258359752501,30.42316504218397,0.8096413989995076,-0.03450998652290788
0.09795918367346952,-0.7428571428571429,28.662002152866048,31.303746486842932,0.8096413989995076,-0.10352995956872366
0.16326530612244886,-0.7428571428571429,27.78142070820709,32.18432793150188,0.8096413989995076,-0.17254993261453905
0.22857142857142854,-0.7428571428571429,26.900839263548136,33.06490937616084,0.8096413989995076,-0.24156990566035474
0.2938775510204082,-0.7428571428571429,26.02025781888917,33.94549082081981,0.8096413989995076,-0.31058987870617055
0.3591836734693875,-0.7428571428571429,25.139676374230216,34.826072265478764,0.8096413989995076,-0.3796098517519859
0.4244897959183672,-0.7428571428571429,24.259094929571255,35.70665371013773,0.8096413989995076,-0.4486298247978017
0.4897959183673469,-0.7428571428571429,23.378513484912293,36.58723515479669,0.8096413989995076,-0.5176497978436174
0.5551020408163266,-0.7428571428571429,22.497932040253332,37.467816599455645,0.8096413989995076,-0.5866697708894332
0.6204081632653062,-0.7428571428571429,21.617350595594374,38.3483980441146,0.8096413989995076,-0.655689743935249
0.6857142857142856,-0.7428571428571429,20.73676915093541,39.22897948877356,0.8096413989995076,-0.7247097169810643
0.7510204081632653,-0.7428571428571429,19.85618770627645,40.109560933432526,0.8096413989995076,-0.7937296900268802
0.8163265306122449,-0.7428571428571429,18.9756062616175,40.990142378091484,0.8096413989995076,-0.8627496630726957
0.8816326530612243,-0.7428571428571429,18.095024816958535,41.87072382275044,0.8096413989995076,-0.9317696361185112
0.946938775510204,-0.7428571428571429,17.214443372299577,42.75130526740941,0.8096413989995076,-1.0007896091643271
1.0122448979591836,-0.7428571428571429,16.333861927640612,43.631886712068365,0.8096413989995076,-1.0698095822101428
1.0775510204081633,-0.7428571428571429,15.453280482981661,44.51246815672732,0.8096413989995076,-1.1388295552559584
1.142857142857143,-0.7428571428571429,14.572699038322696,45.39304960138629,0.8096413989995076,-1.2078495283017745
1.2081632653061223,-0.7428571428571429,13.692117593663738,46.27363104604524,0.8096413989995076,-1.2768695013475897
1.273469387755102,-0.7428571428571429,12.81153614900478,47.1542124907042,0.8096413989995076,-1.3458894743934053
1.3387755102040817,-0.7428571428571429,11.930954704345815,48.034793935363155,0.8096413989995076,-1.414909447439221
1.404081632653061,-0.7428571428571429,11.050373259686864,48.91537538002212,0.8096413989995076,-1.4839294204850366
1.4693877551020407,-0.7428571428571429,10.169791815027907,49.79595682468108,0.8096413989995076,-1.552949393530852
1.5346938775510204,-0.7428571428571429,9.289210370368941,50.67653826934004,0.8096413989995076,-1.6219693665766681
1.6,-0.7428571428571429,8.408628925709976,51.557119713999,0.8096413989995076,-1.6909893396224838
-1.6,-0.6857142857142857,53.44305245862557,10.294561670336549,0.7473612913841609,1.6909893396224838
-1.5346938775510204,-0.6857142857142857,52.562471013966615,11.175143114995521,0.7473612913841609,1.6219693665766681
-1.469387755102041,-0.6857142857142857,51.68188956930766,12.055724559654472,0.7473612913841609,1.5529493935308523
-1.4040816326530614,-0.6857142857142857,50.80130812464869,12.936306004313437,0.7473612913841609,1.4839294204850366
-1.3387755102040817,-0.6857142857142857,49.920726679989734,13.816887448972395,0.7473612913841609,1.414909447439221
-1.273469387755102,-0.6857142857142857,49.040145235330776,14.697468893631353,0.7473612913841609,1.3458894743934053
-1.2081632653061225,-0.6857142857142857,48.15956379067182,15.578050338290318,0.7473612913841609,1.2768695013475897
-1.142857142857143,-0.6857142857142857,47.27898234601286,16.45863178294927,0.7473612913841609,1.2078495283017745
-1.0775510204081633,-0.6857142857142857,46.398400901353895,17.33921322760824,0.7473612913841609,1.1388295552559584
-1.0122448979591836,-0.6857142857142857,45.51781945669494,18.21979467226719,0.7473612913841609,1.0698095822101428
-0.9469387755102041,-0.6857142857142857,44.63723801203598,19.10037611692615,0.7473612913841609,1.0007896091643271
-0.8816326530612246,-0.6857142857142857,43.75665656737702,19.980957561585114,0.7473612913841609,0.9317696361185116
-0.8163265306122449,-0.6857142857142857,42.876075122718056,20.861539006244072,0.7473612913841609,0.8627496630726957
-0.7510204081632653,-0.6857142857142857,41.995493678059105,21.74212045090303,0.7473612913841609,0.7937296900268802
-0.6857142857142857,-0.6857142857142857,41.11491223340014,22.62270189556199,0.7473612913841609,0.7247097169810645
-0.6204081632653062,-0.6857142857142857,40.23433078874118,23.50328334022095,0.7473612913841609,0.655689743935249
-0.5551020408163266,-0.6857142857142857,39.35374934408222,24.383864784879908,0.7473612913841609,0.5866697708894332
-0.4897959183673469,-0.6857142857142857,38.47316789942326,25.26444622953887,0.7473612913841609,0.5176497978436174
-0.4244897959183674,-0.6857142857142857,37.5925864547643,26.145027674197827,0.7473612913841609,0.44862982479780183
-0.3591836734693879,-0.6857142857142857,36.712005010105344,27.025609118856785,0.7473612913841609,0.37960985175198625
-0.2938775510204082,-0.6857142857142857,35.831423565446386,27.906190563515747,0.7473612913841609,0.31058987870617055
-0.22857142857142854,-0.6857142857142857,34.95084212078742,28.786772008174708,0.7473612913841609,0.24156990566035474
-0.16326530612244902,-0.6857142857142857,34.07026067612846,29.667353452833666,0.7473612913841609,0.17254993261453916
-0.09795918367346952,-0.6857142857142857,33.18967923146951,30.547934897492624,0.7473612913841609,0.10352995956872366
-0.03265306122448984,-0.6857142857142857,32.30909778681055,31.428516342151585,0.7473612913841609,0.03450998652290788
0.03265306122448984,-0.6857142857142857,31.428516342151585,32.30909778681055,0.7473612913841609,-0.03450998652290788
0.09795918367346952,-0.6857142857142857,30.547934897492624,33.18967923146951,0.7473612913841609,-0.10352995956872366
0.16326530612244886,-0.6857142857142857,29.667353452833666,34.07026067612846,0.7473612913841609,-0.17254993261453905
0.22857142857142854,-0.6857142857142857,28.786772008174708,34.95084212078742,0.7473612913841609,-0.24156990566035474
0.2938775510204082,-0.6857142857142857,27.906190563515747,35.831423565446386,0.7473612913841609,-0.31058987870617055
0.3591836734693875,-0.6857142857142857,27.025609118856792,36.712005010105344,0.7473612913841609,-0.3796098517519859
0.4244897959183672,-0.6857142857142857,26.14502767419783,37.5925864547643,0.7473612913841609,-0.4486298247978017
0.4897959183673469,-0.6857142857142857,25.26444622953887,38.47316789942326,0.7473612913841609,-0.5176497978436174
0.5551020408163266,-0.6857142857142857,24.383864784879908,39.35374934408222,0.7473612913841609,-0.5866697708894332
0.6204081632653062,-0.6857142857142857,23.50328334022095,40.23433078874118,0.7473612913841609,-0.655689743935249
0.6857142857142856,-0.6857142857142857,22.62270189556199,41.11491223340014,0.7473612913841609,-0.7247097169810643
0.7510204081632653,-0.6857142857142857,21.74212045090303,41.995493678059105,0.7473612913841609,-0.7937296900268802
0.8163265306122449,-0.6857142857142857,20.861539006244072,42.876075122718056,0.7473612913841609,-0.8627496630726957
0.8816326530612243,-0.6857142857142857,19.980957561585114,43.756656567377014,0.7473612913841609,-0.9317696361185112
0.946938775510204,-0.6857142857142857,19.10037611692615,44.63723801203598,0.7473612913841609,-1.0007896091643271
1.0122448979591836,-0.6857142857142857,18.21979467226719,45.51781945669494,0.7473612913841609,-1.0698095822101428
1.0775510204081633,-0.6857142857142857,17.33921322760824,46.398400901353895,0.7473612913841609,-1.1388295552559584
1.142857142857143,-0.6857142857142857,16.45863178294927,47.27898234601286,0.7473612913841609,-1.2078495283017745
1.2081632653061223,-0.6857142857142857,15.578050338290318,48.15956379067182,0.7473612913841609,-1.2768695013475897
1.273469387755102,-0.6857142857142857,14.697468893631353,49.040145235330776,0.7473612913841609,-1.3458894743934053
1.3387755102040817,-0.6857142857142857,13.816887448972395,49.920726679989734,0.7473612913841609,-1.414909447439221
1.404081632653061,-0.6857142857142857,12.936306004313437,50.80130812464869,0.7473612913841609,-1.4839294204850366
1.4693877551020407,-0.6857142857142857,12.055724559654479,51.68188956930765,0.7473612913841609,-1.552949393530852
1.5346938775510204,-0.6857142857142857,11.175143114995521,52.562471013966615,0.7473612913841609,-1.6219693665766681
1.6,-0.6857142857142857,10.294561670336549,53.44305245862557,0.7473612913841609,-1.6909893396224838
-1.6,-0.6285714285714287,55.32898520325216,12.180494414963142,0.6850811837688141,1.6909893396224838
-1.5346938775510204,-0.6285714285714287,54.4484037585932,13.061075859622093,0.6850811837688141,1.6219693665766681
-1.469387755102041,-0.6285714285714287,53.567822313934236,13.941657304281065,0.6850811837688141,1.5529493935308523
-1.4040816326530614,-0.6285714285714287,52.68724086927528,14.822238748940016,0.6850811837688141,1.4839294204850366
-1.3387755102040817,-0.6285714285714287,51.80665942461631,15.702820193598981,0.6850811837688141,1.414909447439221
-1.273469387755102,-0.6285714285714287,50.926077979957356,16.58340163825794,0.6850811837688141,1.3458894743934053
-1.2081632653061225,-0.6285714285714287,50.0454965352984,17.463983082916897,0.6850811837688141,1.2768695013475897
-1.142857142857143,-0.6285714285714287,49.16491509063945,18.344564527575855,0.6850811837688141,1.2078495283017745
-1.0775510204081633,-0.6285714285714287,48.28433364598048,19.225145972234813,0.6850811837688141,1.1388295552559584
-1.0122448979591836,-0.6285714285714287,47.40375220132152,20.105727416893778,0.6850811837688141,1.0698095822101428
-0.9469387755102041,-0.6285714285714287,46.523170756662566,20.986308861552736,0.6850811837688141,1.0007896091643271
-0.8816326530612246,-0.6285714285714287,45.6425893120036,21.866890306211694,0.6850811837688141,0.9317696361185116
-0.8163265306122449,-0.6285714285714287,44.762007867344636,22.747471750870655,0.6850811837688141,0.8627496630726957
-0.7510204081632653,-0.6285714285714287,43.881426422685685,23.62805319552961,0.6850811837688141,0.7937296900268802
-0.6857142857142857,-0.6285714285714287,43.00084497802672,24.50863464018857,0.6850811837688141,0.7247097169810645
-0.6204081632653062,-0.6285714285714287,42.12026353336777,25.389216084847533,0.6850811837688141,0.655689743935249
-0.5551020408163266,-0.6285714285714287,41.239682088708804,26.26979752950649,0.6850811837688141,0.5866697708894332
-0.4897959183673469,-0.6285714285714287,40.359100644049846,27.150378974165452,0.6850811837688141,0.5176497978436174
-0.4244897959183674,-0.6285714285714287,39.47851919939089,28.03096041882441,0.6850811837688141,0.44862982479780183
-0.3591836734693879,-0.6285714285714287,38.59793775473193,28.911541863483368,0.6850811837688141,0.37960985175198625
-0.2938775510204082,-0.6285714285714287,37.71735631007297,29.79212330814233,0.6850811837688141,0.31058987870617055
-0.22857142857142854,-0.6285714285714287,36.836774865414,30.67270475280129,0.6850811837688141,0.24156990566035474
-0.16326530612244902,-0.6285714285714287,35.95619342075504,31.55328619746025,0.6850811837688141,0.17254993261453916
-0.09795918367346952,-0.6285714285714287,35.075611976096084,32.43386764211921,0.6850811837688141,0.10352995956872366
-0.03265306122448984,-0.6285714285714287,34.195030531437126,33.31444908677817,0.6850811837688141,0.03450998652290788
0.03265306122448984,-0.6285714285714287,33.31444908677817,34.195030531437126,0.6850811837688141,-0.03450998652290788
0.09795918367346952,-0.6285714285714287,32.43386764211921,35.075611976096084,0.6850811837688141,-0.10352995956872366
0.16326530612244886,-0.6285714285714287,31.55328619746025,35.95619342075504,0.6850811837688141,-0.17254993261453905
0.22857142857142854,-0.6285714285714287,30.67270475280129,36.836774865414,0.6850811837688141,-0.24156990566035474
0.2938775510204082,-0.6285714285714287,29.79212330814233,37.71735631007297,0.6850811837688141,-0.31058987870617055
0.3591836734693875,-0.6285714285714287,28.911541863483375,38.59793775473192,0.6850811837688141,-0.3796098517519859
0.4244897959183672,-0.6285714285714287,28.030960418824414,39.47851919939088,0.6850811837688141,-0.4486298247978017
0.4897959183673469,-0.6285714285714287,27.150378974165452,40.359100644049846,0.6850811837688141,-0.5176497978436174
0.5551020408163266,-0.6285714285714287,26.26979752950649,41.239682088708804,0.6850811837688141,-0.5866697708894332
0.6204081632653062,-0.6285714285714287,25.389216084847533,42.12026353336777,0.6850811837688141,-0.655689743935249
0.6857142857142856,-0.6285714285714287,24.508634640188575,43.00084497802672,0.6850811837688141,-0.7247097169810643
0.7510204081632653,-0.6285714285714287,23.62805319552961,43.881426422685685,0.6850811837688141,-0.7937296900268802
0.8163265306122449,-0.6285714285714287,22.747471750870655,44.762007867344636,0.6850811837688141,-0.8627496630726957
0.8816326530612243,-0.6285714285714287,21.8668903062117,45.642589312003594,0.6850811837688141,-0.9317696361185112
0.946938775510204,-0.6285714285714287,20.986308861552736,46.523170756662566,0.6850811837688141,-1.0007896091643271
1.0122448979591836,-0.6285714285714287,20.105727416893778,47.40375220132152,0.6850811837688141,-1.0698095822101428
1.0775510204081633,-0.6285714285714287,19.225145972234813,48.28433364598048,0.6850811837688141,-1.1388295552559584
1.142857142857143,-0.6285714285714287,18.344564527575855,49.16491509063945,0.6850811837688141,-1.2078495283017745
1.2081632653061223,-0.6285714285714287,17.463983082916897,50.0454965352984,0.6850811837688141,-1.2768695013475897
1.273469387755102,-0.6285714285714287,16.58340163825794,50.926077979957356,0.6850811837688141,-1.3458894743934053
1.3387755102040817,-0.6285714285714287,15.702820193598981,51.80665942461631,0.6850811837688141,-1.414909447439221
1.404081632653061,-0.6285714285714287,14.822238748940016,52.68724086927528,0.6850811837688141,-1.4839294204850366
1.4693877551020407,-0.6285714285714287,13.941657304281065,53.567822313934236,0.6850811837688141,-1.552949393530852
1.5346938775510204,-0.6285714285714287,13.061075859622093,54.4484037585932,0.6850811837688141,-1.6219693665766681
1.6,-0.6285714285714287,12.180494414963142,55.32898520325216,0.6850811837688141,-1.6909893396224838
-1.6,-0.5714285714285715,57.21491794787873,14.066427159589708,0.6228010761534675,1.6909893396224838
-1.5346938775510204,-0.5714285714285715,56.334336503219774,14.947008604248673,0.6228010761534675,1.6219693665766681
-1.469387755102041,-0.5714285714285715,55.45375505856081,15.82759004890763,0.6228010761534675,1.5529493935308523
-1.4040816326530614,-0.5714285714285715,54.57317361390185,16.70817149356659,0.6228010761534675,1.4839294204850366
-1.3387755102040817,-0.5714285714285715,53.692592169242886,17.588752938225554,0.6228010761534675,1.414909447439221
-1.273469387755102,-0.5714285714285715,52.81201072458393,18.46933438288451,0.6228010761534675,1.3458894743934053
-1.2081632653061225,-0.5714285714285715,51.93142927992497,19.34991582754347,0.6228010761534675,1.2768695013475897
-1.142857142857143,-0.5714285714285715,51.05084783526602,20.23049727220242,0.6228010761534675,1.2078495283017745
-1.0775510204081633,-0.5714285714285715,50.170266390607054,21.111078716861385,0.6228010761534675,1.1388295552559584
-1.0122448979591836,-0.5714285714285715,49.28968494594809,21.99166016152035,0.6228010761534675,1.0698095822101428
-0.9469387755102041,-0.5714285714285715,48.40910350128914,22.8722416061793,0.6228010761534675,1.0007896091643271
-0.8816326530612246,-0.5714285714285715,47.52852205663017,23.752823050838263,0.6228010761534675,0.9317696361185116
-0.8163265306122449,-0.5714285714285715,46.647940611971215,24.633404495497228,0.6228010761534675,0.8627496630726957
-0.7510204081632653,-0.5714285714285715,45.76735916731226,25.513985940156186,0.6228010761534675,0.7937296900268802
-0.6857142857142857,-0.5714285714285715,44.88677772265329,26.394567384815147,0.6228010761534675,0.7247097169810645
-0.6204081632653062,-0.5714285714285715,44.006196277994334,27.275148829474098,0.6228010761534675,0.655689743935249
-0.5551020408163266,-0.5714285714285715,43.125614833335376,28.155730274133063,0.6228010761534675,0.5866697708894332
-0.4897959183673469,-0.5714285714285715,42.24503338867642,29.036311718792025,0.6228010761534675,0.5176497978436174
-0.4244897959183674,-0.5714285714285715,41.36445194401746,29.916893163450982,0.6228010761534675,0.44862982479780183
-0.3591836734693879,-0.5714285714285715,40.4838704993585,30.797474608109944,0.6228010761534675,0.37960985175198625
-0.2938775510204082,-0.5714285714285715,39.60328905469954,31.678056052768902,0.6228010761534675,0.31058987870617055
-0.22857142857142854,-0.5714285714285715,38.72270761004057,32.55863749742787,0.6228010761534675,0.24156990566035474
-0.16326530612244902,-0.5714285714285715,37.842126165381615,33.439218942086825,0.6228010761534675,0.17254993261453916
-0.09795918367346952,-0.5714285714285715,36.96154472072266,34.31980038674578,0.6228010761534675,0.10352995956872366
-0.03265306122448984,-0.5714285714285715,36.0809632760637,35.20038183140474,0.6228010761534675,0.03450998652290788
0.03265306122448984,-0.5714285714285715,35.20038183140474,36.0809632760637,0.6228010761534675,-0.03450998652290788
0.09795918367346952,-0.5714285714285715,34.31980038674578,36.96154472072266,0.6228010761534675,-0.10352995956872366
0.16326530612244886,-0.5714285714285715,33.439218942086825,37.842126165381615,0.6228010761534675,-0.17254993261453905
0.22857142857142854,-0.5714285714285715,32.55863749742787,38.72270761004057,0.6228010761534675,-0.24156990566035474
0.2938775510204082,-0.5714285714285715,31.678056052768902,39.60328905469954,0.6228010761534675,-0.31058987870617055
0.3591836734693875,-0.5714285714285715,30.797474608109948,40.483870499358495,0.6228010761534675,-0.3796098517519859
0.4244897959183672,-0.5714285714285715,29.916893163450986,41.36445194401745,0.6228010761534675,-0.4486298247978017
0.4897959183673469,-0.5714285714285715,29.036311718792025,42.24503338867642,0.6228010761534675,-0.5176497978436174
0.5551020408163266,-0.5714285714285715,28.155730274133063,43.125614833335376,0.6228010761534675,-0.5866697708894332
0.6204081632653062,-0.5714285714285715,27.275148829474098,44.006196277994334,0.6228010761534675,-0.655689743935249
0.6857142857142856,-0.5714285714285715,26.394567384815147,44.88677772265329,0.6228010761534675,-0.7247097169810643
0.7510204081632653,-0.5714285714285715,25.513985940156186,45.76735916731226,0.6228010761534675,-0.7937296900268802
0.8163265306122449,-0.5714285714285715,24.633404495497228,46.647940611971215,0.6228010761534675,-0.8627496630726957
0.8816326530612243,-0.5714285714285715,23.75282305083827,47.528522056630166,0.6228010761534675,-0.9317696361185112
0.946938775510204,-0.5714285714285715,22.8722416061793,48.40910350128914,0.6228010761534675,-1.0007896091643271
1.0122448979591836,-0.5714285714285715,21.99166016152035,49.28968494594809,0.6228010761534675,-1.0698095822101428
1.0775510204081633,-0.5714285714285715,21.111078716861385,50.170266390607054,0.6228010761534675,-1.1388295552559584
1.142857142857143,-0.5714285714285715,20.23049727220242,51.05084783526602,0.6228010761534675,-1.2078495283017745
1.2081632653061223,-0.5714285714285715,19.34991582754347,51.93142927992497,0.6228010761534675,-1.2768695013475897
1.273469387755102,-0.5714285714285715,18.46933438288451,52.81201072458393,0.6228010761534675,-1.3458894743934053
1.3387755102040817,-0.5714285714285715,17.588752938225554,53.692592169242886,0.6228010761534675,-1.414909447439221
1.404081632653061,-0.5714285714285715,16.70817149356659,54.57317361390185,0.6228010761534675,-1.4839294204850366
1.4693877551020407,-0.5714285714285715,15.827590048907638,55.45375505856081,0.6228010761534675,-1.552949393530852
1.5346938775510204,-0.5714285714285715,14.947008604248673,56.334336503219774,0.6228010761534675,-1.6219693665766681
1.6,-0.5714285714285715,14.066427159589708,57.21491794787873,0.6228010761534675,-1.6909893396224838
-1.6,-0.5142857142857143,59.10085069250531,15.952359904216294,0.5605209685381207,1.6909893396224838
-1.5346938775510204,-0.5142857142857143,58.220269247846346,16.832941348875245,0.5605209685381207,1.6219693665766681
-1.469387755102041,-0.5142857142857143,57.33968780318739,17.71352279353421,0.5605209685381207,1.5529493935308523
-1.4040816326530614,-0.5142857142857143,56.45910635852843,18.594104238193168,0.5605209685381207,1.4839294204850366
-1.3387755102040817,-0.5142857142857143,55.578524913869465,19.474685682852133,0.5605209685381207,1.414909447439221
-1.273469387755102,-0.5142857142857143,54.69794346921051,20.35526712751109,0.5605209685381207,1.3458894743934053
-1.2081632653061225,-0.5142857142857143,53.81736202455155,21.23584857217005,0.5605209685381207,1.2768695013475897
-1.142857142857143,-0.5142857142857143,52.9367805798926,22.116430016829,0.5605209685381207,1.2078495283017745
-1.0775510204081633,-0.5142857142857143,52.05619913523363,22.997011461487965,0.5605209685381207,1.1388295552559584
-1.0122448979591836,-0.5142857142857143,51.17561769057467,23.877592906146926,0.5605209685381207,1.0698095822101428
-0.9469387755102041,-0.5142857142857143,50.29503624591572,24.758174350805884,0.5605209685381207,1.0007896091643271
-0.8816326530612246,-0.5142857142857143,49.41445480125675,25.638755795464846,0.5605209685381207,0.9317696361185116
-0.8163265306122449,-0.5142857142857143,48.533873356597795,26.519337240123807,0.5605209685381207,0.8627496630726957
-0.7510204081632653,-0.5142857142857143,47.65329191193884,27.39991868478276,0.5605209685381207,0.7937296900268802
-0.6857142857142857,-0.5142857142857143,46.77271046727988,28.280500129441723,0.5605209685381207,0.7247097169810645
-0.6204081632653062,-0.5142857142857143,45.89212902262092,29.16108157410068,0.5605209685381207,0.655689743935249
-0.5551020408163266,-0.5142857142857143,45.011547577961956,30.041663018759643,0.5605209685381207,0.5866697708894332
-0.4897959183673469,-0.5142857142857143,44.13096613330299,30.922244463418604,0.5605209685381207,0.5176497978436174
-0.4244897959183674,-0.5142857142857143,43.25038468864403,31.802825908077562,0.5605209685381207,0.44862982479780183
-0.3591836734693879,-0.5142857142857143,42.369803243985075,32.68340735273652,0.5605209685381207,0.37960985175198625
-0.2938775510204082,-0.5142857142857143,41.48922179932612,33.56398879739548,0.5605209685381207,0.31058987870617055
-0.22857142857142854,-0.5142857142857143,40.60864035466716,34.44457024205444,0.5605209685381207,0.24156990566035474
-0.16326530612244902,-0.5142857142857143,39.7280589100082,35.3251516867134,0.5605209685381207,0.17254993261453916
-0.09795918367346952,-0.5142857142857143,38.84747746534924,36.205733131372355,0.5605209685381207,0.10352995956872366
-0.03265306122448984,-0.5142857142857143,37.96689602069028,37.08631457603132,0.5605209685381207,0.03450998652290788
0.03265306122448984,-0.5142857142857143,37.08631457603132,37.96689602069028,0.5605209685381207,-0.03450998652290788
0.09795918367346952,-0.5142857142857143,36.205733131372355,38.84747746534924,0.5605209685381207,-0.10352995956872366
0.16326530612244886,-0.5142857142857143,35.3251516867134,39.7280589100082,0.5605209685381207,-0.17254993261453905
0.22857142857142854,-0.5142857142857143,34.44457024205444,40.60864035466716,0.5605209685381207,-0.24156990566035474
0.2938775510204082,-0.5142857142857143,33.56398879739548,41.48922179932612,0.5605209685381207,-0.31058987870617055
0.3591836734693875,-0.5142857142857143,32.68340735273652,42.369803243985075,0.5605209685381207,-0.3796098517519859
0.4244897959183672,-0.5142857142857143,31.802825908077565,43.25038468864403,0.5605209685381207,-0.4486298247978017
0.4897959183673469,-0.5142857142857143,30.922244463418604,44.13096613330299,0.5605209685381207,-0.5176497978436174
0.5551020408163266,-0.5142857142857143,30.041663018759643,45.011547577961956,0.5605209685381207,-0.5866697708894332
0.6204081632653062,-0.5142857142857143,29.16108157410068,45.89212902262092,0.5605209685381207,-0.655689743935249
0.6857142857142856,-0.5142857142857143,28.280500129441727,46.77271046727987,0.5605209685381207,-0.7247097169810643
0.7510204081632653,-0.5142857142857143,27.39991868478276,47.65329191193884,0.5605209685381207,-0.7937296900268802
0.8163265306122449,-0.5142857142857143,26.519337240123807,48.533873356597795,0.5605209685381207,-0.8627496630726957
0.8816326530612243,-0.5142857142857143,25.63875579546485,49.41445480125675,0.5605209685381207,-0.9317696361185112
0.946938775510204,-0.5142857142857143,24.758174350805884,50.29503624591572,0.5605209685381207,-1.0007896091643271
1.0122448979591836,-0.5142857142857143,23.877592906146926,51.17561769057467,0.5605209685381207,-1.0698095822101428
1.0775510204081633,-0.5142857142857143,22.997011461487965,52.05619913523363,0.5605209685381207,-1.1388295552559584
1.142857142857143,-0.5142857142857143,22.116430016829,52.9367805798926,0.5605209685381207,-1.2078495283017745
1.2081632653061223,-0.5142857142857143,21.23584857217005,53.81736202455155,0.5605209685381207,-1.2768695013475897
1.273469387755102,-0.5142857142857143,20.35526712751109,54.69794346921051,0.5605209685381207,-1.3458894743934053
1.3387755102040817,-0.5142857142857143,19.474685682852133,55.578524913869465,0.5605209685381207,-1.414909447439221
1.404081632653061,-0.5142857142857143,18.594104238193168,56.45910635852843,0.5605209685381207,-1.4839294204850366
1.4693877551020407,-0.5142857142857143,17.71352279353421,57.33968780318739,0.5605209685381207,-1.552949393530852
1.5346938775510204,-0.5142857142857143,16.832941348875245,58.220269247846346,0.5605209685381207,-1.6219693665766681
1.6,-0.5142857142857143,15.952359904216294,59.10085069250531,0.5605209685381207,-1.6909893396224838
-1.6,-0.45714285714285724,60.98678343713188,17.838292648842867,0.498240860922774,1.6909893396224838
-1.5346938775510204,-0.45714285714285724,60.106201992472926,18.718874093501825,0.498240860922774,1.6219693665766681
-1.469387755102041,-0.45714285714285724,59.22562054781396,19.59945553816079,0.498240860922774,1.5529493935308523
-1.4040816326530614,-0.45714285714285724,58.345039103155,20.48003698281974,0.498240860922774,1.4839294204850366
-1.3387755102040817,-0.45714285714285724,57.464457658496045,21.360618427478713,0.498240860922774,1.414909447439221
-1.273469387755102,-0.45714285714285724,56.58387621383709,22.241199872137663,0.498240860922774,1.3458894743934053
-1.2081632653061225,-0.45714285714285724,55.70329476917812,23.121781316796625,0.498240860922774,1.2768695013475897
-1.142857142857143,-0.45714285714285724,54.82271332451917,24.00236276145558,0.498240860922774,1.2078495283017745
-1.0775510204081633,-0.45714285714285724,53.942131879860206,24.882944206114544,0.498240860922774,1.1388295552559584
-1.0122448979591836,-0.45714285714285724,53.06155043520125,25.763525650773502,0.498240860922774,1.0698095822101428
-0.9469387755102041,-0.45714285714285724,52.18096899054229,26.64410709543246,0.498240860922774,1.0007896091643271
-0.8816326530612246,-0.45714285714285724,51.30038754588333,27.52468854009142,0.498240860922774,0.9317696361185116
-0.8163265306122449,-0.45714285714285724,50.41980610122437,28.405269984750383,0.498240860922774,0.8627496630726957
-0.7510204081632653,-0.45714285714285724,49.53922465656541,29.285851429409337,0.498240860922774,0.7937296900268802
-0.6857142857142857,-0.45714285714285724,48.65864321190645,30.166432874068295,0.498240860922774,0.7247097169810645
-0.6204081632653062,-0.45714285714285724,47.77806176724749,31.047014318727257,0.498240860922774,0.655689743935249
-0.5551020408163266,-0.45714285714285724,46.89748032258853,31.92759576338622,0.498240860922774,0.5866697708894332
-0.4897959183673469,-0.45714285714285724,46.01689887792957,32.80817720804518,0.498240860922774,0.5176497978436174
-0.4244897959183674,-0.45714285714285724,45.13631743327061,33.68875865270414,0.498240860922774,0.44862982479780183
-0.3591836734693879,-0.45714285714285724,44.255735988611654,34.569340097363096,0.498240860922774,0.37960985175198625
-0.2938775510204082,-0.45714285714285724,43.37515454395269,35.449921542022054,0.498240860922774,0.31058987870617055
-0.22857142857142854,-0.45714285714285724,42.49457309929373,36.33050298668102,0.498240860922774,0.24156990566035474
-0.16326530612244902,-0.45714285714285724,41.61399165463477,37.21108443133998,0.498240860922774,0.17254993261453916
-0.09795918367346952,-0.45714285714285724,40.733410209975816,38.091665875998935,0.498240860922774,0.10352995956872366
-0.03265306122448984,-0.45714285714285724,39.85282876531686,38.97224732065789,0.498240860922774,0.03450998652290788
0.03265306122448984,-0.45714285714285724,38.97224732065789,39.85282876531686,0.498240860922774,-0.03450998652290788
0.09795918367346952,-0.45714285714285724,38.091665875998935,40.733410209975816,0.498240860922774,-0.10352995956872366
0.16326530612244886,-0.45714285714285724,37.21108443133998,41.61399165463477,0.498240860922774,-0.17254993261453905
0.22857142857142854,-0.45714285714285724,36.33050298668102,42.49457309929373,0.498240860922774,-0.24156990566035474
0.2938775510204082,-0.45714285714285724,35.449921542022054,43.37515454395269,0.498240860922774,-0.31058987870617055
0.3591836734693875,-0.45714285714285724,34.569340097363096,44.25573598861165,0.498240860922774,-0.3796098517519859
0.4244897959183672,-0.45714285714285724,33.68875865270414,45.136317433270605,0.498240860922774,-0.4486298247978017
0.4897959183673469,-0.45714285714285724,32.80817720804518,46.01689887792957,0.498240860922774,-0.5176497978436174
0.5551020408163266,-0.45714285714285724,31.92759576338622,46.89748032258853,0.498240860922774,-0.5866697708894332
0.6204081632653062,-0.45714285714285724,31.047014318727257,47.77806176724749,0.498240860922774,-0.655689743935249
0.6857142857142856,-0.45714285714285724,30.1664328740683,48.65864321190645,0.498240860922774,-0.7247097169810643
0.7510204081632653,-0.45714285714285724,29.285851429409337,49.53922465656541,0.498240860922774,-0.7937296900268802
0.8163265306122449,-0.45714285714285724,28.405269984750383,50.41980610122437,0.498240860922774,-0.8627496630726957
0.8816326530612243,-0.45714285714285724,27.524688540091425,51.300387545883325,0.498240860922774,-0.9317696361185112
0.946938775510204,-0.45714285714285724,26.64410709543246,52.18096899054229,0.498240860922774,-1.0007896091643271
1.0122448979591836,-0.45714285714285724,25.763525650773502,53.06155043520125,0.498240860922774,-1.0698095822101428
1.0775510204081633,-0.45714285714285724,24.882944206114544,53.942131879860206,0.498240860922774,-1.1388295552559584
1.142857142857143,-0.45714285714285724,24.00236276145558,54.82271332451917,0.498240860922774,-1.2078495283017745
1.2081632653061223,-0.45714285714285724,23.121781316796625,55.70329476917812,0.498240860922774,-1.2768695013475897
1.273469387755102,-0.45714285714285724,22.241199872137663,56.58387621383709,0.498240860922774,-1.3458894743934053
1.3387755102040817,-0.45714285714285724,21.360618427478713,57.464457658496045,0.498240860922774,-1.414909447439221
1.404081632653061,-0.45714285714285724,20.48003698281974,58.345039103155,0.498240860922774,-1.4839294204850366
1.4693877551020407,-0.45714285714285724,19.59945553816079,59.22562054781396,0.498240860922774,-1.552949393530852
1.5346938775510204,-0.45714285714285724,18.718874093501825,60.106201992472926,0.498240860922774,-1.6219693665766681
1.6,-0.45714285714285724,17.838292648842867,60.98678343713188,0.498240860922774,-1.6909893396224838
-1.6,-0.40000000000000013,62.87271618175846,19.724225393469446,0.4359607533074273,1.6909893396224838
-1.5346938775510204,-0.40000000000000013,61.992134737099505,20.604806838128404,0.4359607533074273,1.6219693665766681
-1.469387755102041,-0.40000000000000013,61.11155329244054,21.485388282787362,0.4359607533074273,1.5529493935308523
-1.4040816326530614,-0.40000000000000013,60.23097184778158,22.365969727446327,0.4359607533074273,1.4839294204850366
-1.3387755102040817,-0.40000000000000013,59.35039040312262,23.246551172105285,0.4359607533074273,1.414909447439221
-1.273469387755102,-0.40000000000000013,58.46980895846366,24.12713261676424,0.4359607533074273,1.3458894743934053
-1.2081632653061225,-0.40000000000000013,57.5892275138047,25.0077140614232,0.4359607533074273,1.2768695013475897
-1.142857142857143,-0.40000000000000013,56.70864606914575,25.888295506082155,0.4359607533074273,1.2078495283017745
-1.0775510204081633,-0.40000000000000013,55.828064624486785,26.76887695074112,0.4359607533074273,1.1388295552559584
-1.0122448979591836,-0.40000000000000013,54.94748317982782,27.64945839540008,0.4359607533074273,1.0698095822101428
-0.9469387755102041,-0.40000000000000013,54.06690173516887,28.530039840059036,0.4359607533074273,1.0007896091643271
-0.8816326530612246,-0.40000000000000013,53.186320290509904,29.410621284717998,0.4359607533074273,0.9317696361185116
-0.8163265306122449,-0.40000000000000013,52.30573884585095,30.29120272937696,0.4359607533074273,0.8627496630726957
-0.7510204081632653,-0.40000000000000013,51.42515740119199,31.171784174035917,0.4359607533074273,0.7937296900268802
-0.6857142857142857,-0.40000000000000013,50.54457595653303,32.05236561869488,0.4359607533074273,0.7247097169810645
-0.6204081632653062,-0.40000000000000013,49.66399451187407,32.932947063353836,0.4359607533074273,0.655689743935249
-0.5551020408163266,-0.40000000000000013,48.78341306721511,33.813528508012794,0.4359607533074273,0.5866697708894332
-0.4897959183673469,-0.40000000000000013,47.90283162255615,34.69410995267175,0.4359607533074273,0.5176497978436174
-0.4244897959183674,-0.40000000000000013,47.02225017789719,35.57469139733072,0.4359607533074273,0.44862982479780183
-0.3591836734693879,-0.40000000000000013,46.141668733238234,36.45527284198967,0.4359607533074273,0.37960985175198625
-0.2938775510204082,-0.40000000000000013,45.26108728857927,37.33585428664863,0.4359607533074273,0.31058987870617055
-0.22857142857142854,-0.40000000000000013,44.38050584392031,38.2164357313076,0.4359607533074273,0.24156990566035474
-0.16326530612244902,-0.40000000000000013,43.49992439926135,39.097017175966556,0.4359607533074273,0.17254993261453916
-0.09795918367346952,-0.40000000000000013,42.619342954602395,39.977598620625514,0.4359607533074273,0.10352995956872366
-0.03265306122448984,-0.40000000000000013,41.73876150994343,40.85818006528447,0.4359607533074273,0.03450998652290788
0.03265306122448984,-0.40000000000000013,40.85818006528447,41.73876150994343,0.4359607533074273,-0.03450998652290788
0.09795918367346952,-0.40000000000000013,39.977598620625514,42.619342954602395,0.4359607533074273,-0.10352995956872366
0.16326530612244886,-0.40000000000000013,39.097017175966556,43.499924399261346,0.4359607533074273,-0.17254993261453905
0.22857142857142854,-0.40000000000000013,38.2164357313076,44.38050584392031,0.4359607533074273,-0.24156990566035474
0.2938775510204082,-0.40000000000000013,37.33585428664863,45.26108728857927,0.4359607533074273,-0.31058987870617055
0.3591836734693875,-0.40000000000000013,36.455272841989675,46.14166873323823,0.4359607533074273,-0.3796098517519859
0.4244897959183672,-0.40000000000000013,35.57469139733072,47.022250177897185,0.4359607533074273,-0.4486298247978017
0.4897959183673469,-0.40000000000000013,34.69410995267175,47.90283162255615,0.4359607533074273,-0.5176497978436174
0.5551020408163266,-0.40000000000000013,33.813528508012794,48.78341306721511,0.4359607533074273,-0.5866697708894332
0.6204081632653062,-0.40000000000000013,32.932947063353836,49.66399451187407,0.4359607533074273,-0.655689743935249
0.6857142857142856,-0.40000000000000013,32.05236561869488,50.54457595653302,0.4359607533074273,-0.7247097169810643
0.7510204081632653,-0.40000000000000013,31.171784174035917,51.42515740119199,0.4359607533074273,-0.7937296900268802
0.8163265306122449,-0.40000000000000013,30.29120272937696,52.30573884585095,0.4359607533074273,-0.8627496630726957
0.8816326530612243,-0.40000000000000013,29.410621284718005,53.186320290509904,0.4359607533074273,-0.9317696361185112
0.946938775510204,-0.40000000000000013,28.530039840059036,54.06690173516887,0.4359607533074273,-1.0007896091643271
1.0122448979591836,-0.40000000000000013,27.64945839540008,54.94748317982782,0.4359607533074273,-1.0698095822101428
1.0775510204081633,-0.40000000000000013,26.76887695074112,55.828064624486785,0.4359607533074273,-1.1388295552559584
1.142857142857143,-0.40000000000000013,25.888295506082155,56.70864606914575,0.4359607533074273,-1.2078495283017745
1.2081632653061223,-0.40000000000000013,25.0077140614232,57.5892275138047,0.4359607533074273,-1.2768695013475897
1.273469387755102,-0.40000000000000013,24.12713261676424,58.46980895846366,0.4359607533074273,-1.3458894743934053
1.3387755102040817,-0.40000000000000013,23.246551172105285,59.35039040312262,0.4359607533074273,-1.414909447439221
1.404081632653061,-0.40000000000000013,22.365969727446327,60.23097184778158,0.4359607533074273,-1.4839294204850366
1.4693877551020407,-0.40000000000000013,21.485388282787362,61.11155329244054,0.4359607533074273,-1.552949393530852
1.5346938775510204,-0.40000000000000013,20.604806838128404,61.992134737099505,0.4359607533074273,-1.6219693665766681
1.6,-0.40000000000000013,19.724225393469446,62.87271618175846,0.4359607533074273,-1.6909893396224838
-1.6,-0.34285714285714297,64.75864892638504,21.61015813809602,0.3736806456920806,1.6909893396224838
-1.5346938775510204,-0.34285714285714297,63.87806748172608,22.490739582754976,0.3736806456920806,1.6219693665766681
-1.469387755102041,-0.34285714285714297,62.99748603706712,23.37132102741394,0.3736806456920806,1.5529493935308523
-1.4040816326530614,-0.34285714285714297,62.11690459240816,24.2519024720729,0.3736806456920806,1.4839294204850366
-1.3387755102040817,-0.34285714285714297,61.2363231477492,25.13248391673186,0.3736806456920806,1.414909447439221
-1.273469387755102,-0.34285714285714297,60.35574170309024,26.01306536139082,0.3736806456920806,1.3458894743934053
-1.2081632653061225,-0.34285714285714297,59.47516025843128,26.89364680604978,0.3736806456920806,1.2768695013475897
-1.142857142857143,-0.34285714285714297,58.59457881377232,27.774228250708735,0.3736806456920806,1.2078495283017745
-1.0775510204081633,-0.34285714285714297,57.71399736911336,28.654809695367696,0.3736806456920806,1.1388295552559584
-1.0122448979591836,-0.34285714285714297,56.8334159244544,29.535391140026658,0.3736806456920806,1.0698095822101428
-0.9469387755102041,-0.34285714285714297,55.95283447979544,30.415972584685612,0.3736806456920806,1.0007896091643271
-0.8816326530612246,-0.34285714285714297,55.072253035136484,31.296554029344573,0.3736806456920806,0.9317696361185116
-0.8163265306122449,-0.34285714285714297,54.19167159047752,32.177135474003535,0.3736806456920806,0.8627496630726957
-0.7510204081632653,-0.34285714285714297,53.31109014581857,33.05771691866249,0.3736806456920806,0.7937296900268802
-0.6857142857142857,-0.34285714285714297,52.4305087011596,33.93829836332145,0.3736806456920806,0.7247097169810645
-0.6204081632653062,-0.34285714285714297,51.549927256500645,34.81887980798041,0.3736806456920806,0.655689743935249
-0.5551020408163266,-0.34285714285714297,50.66934581184169,35.699461252639374,0.3736806456920806,0.5866697708894332
-0.4897959183673469,-0.34285714285714297,49.78876436718272,36.58004269729834,0.3736806456920806,0.5176497978436174
-0.4244897959183674,-0.34285714285714297,48.908182922523764,37.46062414195729,0.3736806456920806,0.44862982479780183
-0.3591836734693879,-0.34285714285714297,48.027601477864806,38.341205586616255,0.3736806456920806,0.37960985175198625
-0.2938775510204082,-0.34285714285714297,47.14702003320585,39.22178703127521,0.3736806456920806,0.31058987870617055
-0.22857142857142854,-0.34285714285714297,46.26643858854689,40.10236847593417,0.3736806456920806,0.24156990566035474
-0.16326530612244902,-0.34285714285714297,45.385857143887925,40.98294992059313,0.3736806456920806,0.17254993261453916
-0.09795918367346952,-0.34285714285714297,44.505275699228974,41.863531365252086,0.3736806456920806,0.10352995956872366
-0.03265306122448984,-0.34285714285714297,43.62469425457001,42.74411280991105,0.3736806456920806,0.03450998652290788
0.03265306122448984,-0.34285714285714297,42.74411280991105,43.62469425457001,0.3736806456920806,-0.03450998652290788
0.09795918367346952,-0.34285714285714297,41.863531365252086,44.505275699228974,0.3736806456920806,-0.10352995956872366
0.16326530612244886,-0.34285714285714297,40.98294992059313,45.385857143887925,0.3736806456920806,-0.17254993261453905
0.22857142857142854,-0.34285714285714297,40.10236847593417,46.26643858854689,0.3736806456920806,-0.24156990566035474
0.2938775510204082,-0.34285714285714297,39.22178703127521,47.14702003320585,0.3736806456920806,-0.31058987870617055
0.3591836734693875,-0.34285714285714297,38.341205586616255,48.027601477864806,0.3736806456920806,-0.3796098517519859
0.4244897959183672,-0.34285714285714297,37.4606241419573,48.908182922523764,0.3736806456920806,-0.4486298247978017
0.4897959183673469,-0.34285714285714297,36.58004269729834,49.78876436718272,0.3736806456920806,-0.5176497978436174
0.5551020408163266,-0.34285714285714297,35.699461252639374,50.66934581184169,0.3736806456920806,-0.5866697708894332
0.6204081632653062,-0.34285714285714297,34.81887980798041,51.549927256500645,0.3736806456920806,-0.655689743935249
0.6857142857142856,-0.34285714285714297,33.93829836332145,52.4305087011596,0.3736806456920806,-0.7247097169810643
0.7510204081632653,-0.34285714285714297,33.05771691866249,53.31109014581857,0.3736806456920806,-0.7937296900268802
0.8163265306122449,-0.34285714285714297,32.177135474003535,54.19167159047752,0.3736806456920806,-0.8627496630726957
0.8816326530612243,-0.34285714285714297,31.29655402934458,55.07225303513648,0.3736806456920806,-0.9317696361185112
0.946938775510204,-0.34285714285714297,30.415972584685612,55.95283447979544,0.3736806456920806,-1.0007896091643271
1.0122448979591836,-0.34285714285714297,29.535391140026658,56.8334159244544,0.3736806456920806,-1.0698095822101428
1.0775510204081633,-0.34285714285714297,28.654809695367696,57.71399736911336,0.3736806456920806,-1.1388295552559584
1.142857142857143,-0.34285714285714297,27.774228250708735,58.59457881377232,0.3736806456920806,-1.2078495283017745
1.2081632653061223,-0.34285714285714297,26.89364680604978,59.47516025843128,0.3736806456920806,-1.2768695013475897
1.273469387755102,-0.34285714285714297,26.01306536139082,60.35574170309024,0.3736806456920806,-1.3458894743934053
1.3387755102040817,-0.34285714285714297,25.13248391673186,61.2363231477492,0.3736806456920806,-1.414909447439221
1.404081632653061,-0.34285714285714297,24.2519024720729,62.11690459240816,0.3736806456920806,-1.4839294204850366
1.4693877551020407,-0.34285714285714297,23.371321027413945,62.99748603706712,0.3736806456920806,-1.552949393530852
1.5346938775510204,-0.34285714285714297,22.490739582754976,63.87806748172608,0.3736806456920806,-1.6219693665766681
1.6,-0.34285714285714297,21.61015813809602,64.75864892638504,0.3736806456920806,-1.6909893396224838
-1.6,-0.28571428571428586,66.64458167101162,23.4960908827226,0.31140053807673373,1.6909893396224838
-1.5346938775510204,-0.28571428571428586,65.76400022635266,24.376672327381563,0.31140053807673373,1.6219693665766681
-1.469387755102041,-0.28571428571428586,64.8834187816937,25.25725377204052,0.31140053807673373,1.5529493935308523
-1.4040816326530614,-0.28571428571428586,64.00283733703473,26.137835216699482,0.31140053807673373,1.4839294204850366
-1.3387755102040817,-0.28571428571428586,63.122255892375776,27.018416661358444,0.31140053807673373,1.414909447439221
-1.273469387755102,-0.28571428571428586,62.24167444771682,27.898998106017398,0.31140053807673373,1.3458894743934053
-1.2081632653061225,-0.28571428571428586,61.36109300305786,28.77957955067636,0.31140053807673373,1.2768695013475897
-1.142857142857143,-0.28571428571428586,60.4805115583989,29.66016099533531,0.31140053807673373,1.2078495283017745
-1.0775510204081633,-0.28571428571428586,59.599930113739944,30.54074243999428,0.31140053807673373,1.1388295552559584
-1.0122448979591836,-0.28571428571428586,58.71934866908098,31.42132388465324,0.31140053807673373,1.0698095822101428
-0.9469387755102041,-0.28571428571428586,57.83876722442203,32.30190532931219,0.31140053807673373,1.0007896091643271
-0.8816326530612246,-0.28571428571428586,56.95818577976306,33.182486773971156,0.31140053807673373,0.9317696361185116
-0.8163265306122449,-0.28571428571428586,56.077604335104105,34.063068218630114,0.31140053807673373,0.8627496630726957
-0.7510204081632653,-0.28571428571428586,55.19702289044515,34.94364966328907,0.31140053807673373,0.7937296900268802
-0.6857142857142857,-0.28571428571428586,54.31644144578618,35.82423110794804,0.31140053807673373,0.7247097169810645
-0.6204081632653062,-0.28571428571428586,53.43586000112723,36.704812552606995,0.31140053807673373,0.655689743935249
-0.5551020408163266,-0.28571428571428586,52.55527855646827,37.58539399726595,0.31140053807673373,0.5866697708894332
-0.4897959183673469,-0.28571428571428586,51.67469711180931,38.46597544192491,0.31140053807673373,0.5176497978436174
-0.4244897959183674,-0.28571428571428586,50.79411566715035,39.346556886583876,0.31140053807673373,0.44862982479780183
-0.3591836734693879,-0.28571428571428586,49.91353422249139,40.22713833124283,0.31140053807673373,0.37960985175198625
-0.2938775510204082,-0.28571428571428586,49.03295277783243,41.10771977590179,0.31140053807673373,0.31058987870617055
-0.22857142857142854,-0.28571428571428586,48.15237133317347,41.98830122056075,0.31140053807673373,0.24156990566035474
-0.16326530612244902,-0.28571428571428586,47.271789888514505,42.868882665219715,0.31140053807673373,0.17254993261453916
-0.09795918367346952,-0.28571428571428586,46.39120844385555,43.74946410987867,0.31140053807673373,0.10352995956872366
-0.03265306122448984,-0.28571428571428586,45.51062699919659,44.63004555453763,0.31140053807673373,0.03450998652290788
0.03265306122448984,-0.28571428571428586,44.63004555453763,45.51062699919659,0.31140053807673373,-0.03450998652290788
0.09795918367346952,-0.28571428571428586,43.74946410987867,46.39120844385555,0.31140053807673373,-0.10352995956872366
0.16326530612244886,-0.28571428571428586,42.868882665219715,47.271789888514505,0.31140053807673373,-0.17254993261453905
0.22857142857142854,-0.28571428571428586,41.98830122056075,48.15237133317347,0.31140053807673373,-0.24156990566035474
0.2938775510204082,-0.28571428571428586,41.10771977590179,49.03295277783243,0.31140053807673373,-0.31058987870617055
0.3591836734693875,-0.28571428571428586,40.227138331242834,49.913534222491386,0.31140053807673373,-0.3796098517519859
0.4244897959183672,-0.28571428571428586,39.346556886583876,50.79411566715034,0.31140053807673373,-0.4486298247978017
0.4897959183673469,-0.28571428571428586,38.46597544192491,51.67469711180931,0.31140053807673373,-0.5176497978436174
0.5551020408163266,-0.28571428571428586,37.58539399726595,52.55527855646827,0.31140053807673373,-0.5866697708894332
0.6204081632653062,-0.28571428571428586,36.704812552606995,53.43586000112723,0.31140053807673373,-0.655689743935249
0.6857142857142856,-0.28571428571428586,35.82423110794804,54.31644144578618,0.31140053807673373,-0.7247097169810643
0.7510204081632653,-0.28571428571428586,34.94364966328907,55.19702289044515,0.31140053807673373,-0.7937296900268802
0.8163265306122449,-0.28571428571428586,34.063068218630114,56.077604335104105,0.31140053807673373,-0.8627496630726957
0.8816326530612243,-0.28571428571428586,33.18248677397116,56.958185779763056,0.31140053807673373,-0.9317696361185112
0.946938775510204,-0.28571428571428586,32.30190532931219,57.83876722442203,0.31140053807673373,-1.0007896091643271
1.0122448979591836,-0.28571428571428586,31.42132388465324,58.71934866908098,0.31140053807673373,-1.0698095822101428
1.0775510204081633,-0.28571428571428586,30.54074243999428,59.599930113739944,0.31140053807673373,-1.1388295552559584
1.142857142857143,-0.28571428571428586,29.66016099533531,60.4805115583989,0.31140053807673373,-1.2078495283017745
1.2081632653061223,-0.28571428571428586,28.77957955067636,61.36109300305786,0.31140053807673373,-1.2768695013475897
1.273469387755102,-0.28571428571428586,27.898998106017398,62.24167444771682,0.31140053807673373,-1.3458894743934053
1.3387755102040817,-0.28571428571428586,27.018416661358444,63.122255892375776,0.31140053807673373,-1.414909447439221
1.404081632653061,-0.28571428571428586,26.137835216699482,64.00283733703473,0.31140053807673373,-1.4839294204850366
1.4693877551020407,-0.28571428571428586,25.25725377204052,64.88341878169369,0.31140053807673373,-1.552949393530852
1.5346938775510204,-0.28571428571428586,24.376672327381563,65.76400022635266,0.31140053807673373,-1.6219693665766681
1.6,-0.28571428571428586,23.4960908827226,66.64458167101162,0.31140053807673373,-1.6909893396224838
-1.6,-0.22857142857142854,68.53051441563821,25.38202362734918,0.24912043046138688,1.6909893396224838
-1.5346938775510204,-0.22857142857142854,67.64993297097924,26.262605072008142,0.24912043046138688,1.6219693665766681
-1.469387755102041,-0.22857142857142854,66.76935152632028,27.1431865166671,0.24912043046138688,1.5529493935308523
-1.4040816326530614,-0.22857142857142854,65.88877008166132,28.02376796132606,0.24912043046138688,1.4839294204850366
-1.3387755102040817,-0.22857142857142854,65.00818863700236,28.904349405985023,0.24912043046138688,1.414909447439221
-1.273469387755102,-0.22857142857142854,64.1276071923434,29.78493085064398,0.24912043046138688,1.3458894743934053
-1.2081632653061225,-0.22857142857142854,63.24702574768444,30.665512295302943,0.24912043046138688,1.2768695013475897
-1.142857142857143,-0.22857142857142854,62.36644430302549,31.546093739961893,0.24912043046138688,1.2078495283017745
-1.0775510204081633,-0.22857142857142854,61.485862858366524,32.42667518462086,0.24912043046138688,1.1388295552559584
-1.0122448979591836,-0.22857142857142854,60.605281413707566,33.30725662927982,0.24912043046138688,1.0698095822101428
-0.9469387755102041,-0.22857142857142854,59.72469996904861,34.18783807393878,0.24912043046138688,1.0007896091643271
-0.8816326530612246,-0.22857142857142854,58.84411852438964,35.068419518597736,0.24912043046138688,0.9317696361185116
-0.8163265306122449,-0.22857142857142854,57.963537079730685,35.949000963256694,0.24912043046138688,0.8627496630726957
-0.7510204081632653,-0.22857142857142854,57.08295563507173,36.82958240791565,0.24912043046138688,0.7937296900268802
-0.6857142857142857,-0.22857142857142854,56.20237419041277,37.71016385257462,0.24912043046138688,0.7247097169810645
-0.6204081632653062,-0.22857142857142854,55.32179274575381,38.590745297233575,0.24912043046138688,0.655689743935249
-0.5551020408163266,-0.22857142857142854,54.441211301094846,39.47132674189253,0.24912043046138688,0.5866697708894332
-0.4897959183673469,-0.22857142857142854,53.56062985643589,40.3519081865515,0.24912043046138688,0.5176497978436174
-0.4244897959183674,-0.22857142857142854,52.68004841177693,41.232489631210456,0.24912043046138688,0.44862982479780183
-0.3591836734693879,-0.22857142857142854,51.79946696711797,42.113071075869414,0.24912043046138688,0.37960985175198625
-0.2938775510204082,-0.22857142857142854,50.91888552245901,42.99365252052837,0.24912043046138688,0.31058987870617055
-0.22857142857142854,-0.22857142857142854,50.03830407780005,43.87423396518734,0.24912043046138688,0.24156990566035474
-0.16326530612244902,-0.22857142857142854,49.15772263314109,44.754815409846294,0.24912043046138688,0.17254993261453916
-0.09795918367346952,-0.22857142857142854,48.27714118848213,45.635396854505245,0.24912043046138688,0.10352995956872366
-0.03265306122448984,-0.22857142857142854,47.396559743823175,46.51597829916421,0.24912043046138688,0.03450998652290788
0.03265306122448984,-0.22857142857142854,46.51597829916421,47.396559743823175,0.24912043046138688,-0.03450998652290788
0.09795918367346952,-0.22857142857142854,45.635396854505245,48.27714118848213,0.24912043046138688,-0.10352995956872366
0.16326530612244886,-0.22857142857142854,44.754815409846294,49.15772263314109,0.24912043046138688,-0.17254993261453905
0.22857142857142854,-0.22857142857142854,43.87423396518734,50.03830407780005,0.24912043046138688,-0.24156990566035474
0.2938775510204082,-0.22857142857142854,42.99365252052837,50.91888552245901,0.24912043046138688,-0.31058987870617055
0.3591836734693875,-0.22857142857142854,42.113071075869414,51.799466967117965,0.24912043046138688,-0.3796098517519859
0.4244897959183672,-0.22857142857142854,41.232489631210456,52.68004841177693,0.24912043046138688,-0.4486298247978017
0.4897959183673469,-0.22857142857142854,40.3519081865515,53.56062985643589,0.24912043046138688,-0.5176497978436174
0.5551020408163266,-0.22857142857142854,39.47132674189253,54.441211301094846,0.24912043046138688,-0.5866697708894332
0.6204081632653062,-0.22857142857142854,38.590745297233575,55.32179274575381,0.24912043046138688,-0.655689743935249
0.6857142857142856,-0.22857142857142854,37.71016385257462,56.20237419041277,0.24912043046138688,-0.7247097169810643
0.7510204081632653,-0.22857142857142854,36.82958240791565,57.08295563507173,0.24912043046138688,-0.7937296900268802
0.8163265306122449,-0.22857142857142854,35.949000963256694,57.963537079730685,0.24912043046138688,-0.8627496630726957
0.8816326530612243,-0.22857142857142854,35.06841951859774,58.84411852438964,0.24912043046138688,-0.9317696361185112
0.946938775510204,-0.22857142857142854,34.18783807393878,59.72469996904861,0.24912043046138688,-1.0007896091643271
1.0122448979591836,-0.22857142857142854,33.30725662927982,60.605281413707566,0.24912043046138688,-1.0698095822101428
1.0775510204081633,-0.22857142857142854,32.42667518462086,61.485862858366524,0.24912043046138688,-1.1388295552559584
1.142857142857143,-0.22857142857142854,31.546093739961893,62.36644430302549,0.24912043046138688,-1.2078495283017745
1.2081632653061223,-0.22857142857142854,30.665512295302943,63.24702574768444,0.24912043046138688,-1.2768695013475897
1.273469387755102,-0.22857142857142854,29.78493085064398,64.1276071923434,0.24912043046138688,-1.3458894743934053
1.3387755102040817,-0.22857142857142854,28.904349405985023,65.00818863700236,0.24912043046138688,-1.414909447439221
1.404081632653061,-0.22857142857142854,28.02376796132606,65.88877008166132,0.24912043046138688,-1.4839294204850366
1.4693877551020407,-0.22857142857142854,27.143186516667104,66.76935152632028,0.24912043046138688,-1.552949393530852
1.5346938775510204,-0.22857142857142854,26.262605072008142,67.64993297097924,0.24912043046138688,-1.6219693665766681
1.6,-0.22857142857142854,25.38202362734918,68.53051441563821,0.24912043046138688,-1.6909893396224838
-1.6,-0.1714285714285714,70.41644716026478,27.26795637197576,0.18684032284604016,1.6909893396224838
-1.5346938775510204,-0.1714285714285714,69.53586571560582,28.148537816634718,0.18684032284604016,1.6219693665766681
-1.469387755102041,-0.1714285714285714,68.65528427094686,29.02911926129368,0.18684032284604016,1.5529493935308523
-1.4040816326530614,-0.1714285714285714,67.77470282628789,29.90970070595264,0.18684032284604016,1.4839294204850366
-1.3387755102040817,-0.1714285714285714,66.89412138162893,30.790282150611603,0.18684032284604016,1.414909447439221
-1.273469387755102,-0.1714285714285714,66.01353993696998,31.67086359527056,0.18684032284604016,1.3458894743934053
-1.2081632653061225,-0.1714285714285714,65.13295849231102,32.55144503992952,0.18684032284604016,1.2768695013475897
-1.142857142857143,-0.1714285714285714,64.25237704765206,33.43202648458848,0.18684032284604016,1.2078495283017745
-1.0775510204081633,-0.1714285714285714,63.3717956029931,34.312607929247434,0.18684032284604016,1.1388295552559584
-1.0122448979591836,-0.1714285714285714,62.49121415833414,35.1931893739064,0.18684032284604016,1.0698095822101428
-0.9469387755102041,-0.1714285714285714,61.61063271367519,36.07377081856535,0.18684032284604016,1.0007896091643271
-0.8816326530612246,-0.1714285714285714,60.73005126901622,36.95435226322431,0.18684032284604016,0.9317696361185116
-0.8163265306122449,-0.1714285714285714,59.849469824357264,37.83493370788328,0.18684032284604016,0.8627496630726957
-0.7510204081632653,-0.1714285714285714,58.968888379698306,38.71551515254223,0.18684032284604016,0.7937296900268802
-0.6857142857142857,-0.1714285714285714,58.08830693503934,39.596096597201196,0.18684032284604016,0.7247097169810645
-0.6204081632653062,-0.1714285714285714,57.20772549038039,40.47667804186015,0.18684032284604016,0.655689743935249
-0.5551020408163266,-0.1714285714285714,56.327144045721425,41.35725948651911,0.18684032284604016,0.5866697708894332
-0.4897959183673469,-0.1714285714285714,55.44656260106247,42.23784093117808,0.18684032284604016,0.5176497978436174
-0.4244897959183674,-0.1714285714285714,54.56598115640351,43.11842237583703,0.18684032284604016,0.44862982479780183
-0.3591836734693879,-0.1714285714285714,53.685399711744545,43.999003820495986,0.18684032284604016,0.37960985175198625
-0.2938775510204082,-0.1714285714285714,52.80481826708559,44.87958526515495,0.18684032284604016,0.31058987870617055
-0.22857142857142854,-0.1714285714285714,51.92423682242663,45.760166709813916,0.18684032284604016,0.24156990566035474
-0.16326530612244902,-0.1714285714285714,51.04365537776767,46.64074815447287,0.18684032284604016,0.17254993261453916
-0.09795918367346952,-0.1714285714285714,50.16307393310871,47.521329599131825,0.18684032284604016,0.10352995956872366
-0.03265306122448984,-0.1714285714285714,49.28249248844975,48.40191104379079,0.18684032284604016,0.03450998652290788
0.03265306122448984,-0.1714285714285714,48.40191104379079,49.28249248844975,0.18684032284604016,-0.03450998652290788
0.09795918367346952,-0.1714285714285714,47.521329599131825,50.16307393310871,0.18684032284604016,-0.10352995956872366
0.16326530612244886,-0.1714285714285714,46.640748154472874,51.043655377767664,0.18684032284604016,-0.17254993261453905
0.22857142857142854,-0.1714285714285714,45.760166709813916,51.92423682242663,0.18684032284604016,-0.24156990566035474
0.2938775510204082,-0.1714285714285714,44.87958526515495,52.80481826708559,0.18684032284604016,-0.31058987870617055
0.3591836734693875,-0.1714285714285714,43.99900382049599,53.685399711744545,0.18684032284604016,-0.3796098517519859
0.4244897959183672,-0.1714285714285714,43.118422375837035,54.5659811564035,0.18684032284604016,-0.4486298247978017
0.4897959183673469,-0.1714285714285714,42.23784093117808,55.44656260106247,0.18684032284604016,-0.5176497978436174
0.5551020408163266,-0.1714285714285714,41.35725948651911,56.327144045721425,0.18684032284604016,-0.5866697708894332
0.6204081632653062,-0.1714285714285714,40.47667804186015,57.20772549038039,0.18684032284604016,-0.655689743935249
0.6857142857142856,-0.1714285714285714,39.596096597201196,58.08830693503934,0.18684032284604016,-0.7247097169810643
0.7510204081632653,-0.1714285714285714,38.71551515254223,58.968888379698306,0.18684032284604016,-0.7937296900268802
0.8163265306122449,-0.1714285714285714,37.83493370788328,59.849469824357264,0.18684032284604016,-0.8627496630726957
0.8816326530612243,-0.1714285714285714,36.95435226322432,60.730051269016215,0.18684032284604016,-0.9317696361185112
0.946938775510204,-0.1714285714285714,36.07377081856535,61.61063271367519,0.18684032284604016,-1.0007896091643271
1.0122448979591836,-0.1714285714285714,35.1931893739064,62.49121415833414,0.18684032284604016,-1.0698095822101428
1.0775510204081633,-0.1714285714285714,34.312607929247434,63.3717956029931,0.18684032284604016,-1.1388295552559584
1.142857142857143,-0.1714285714285714,33.43202648458848,64.25237704765206,0.18684032284604016,-1.2078495283017745
1.2081632653061223,-0.1714285714285714,32.55144503992952,65.13295849231102,0.18684032284604016,-1.2768695013475897
1.273469387755102,-0.1714285714285714,31.67086359527056,66.01353993696998,0.18684032284604016,-1.3458894743934053
1.3387755102040817,-0.1714285714285714,30.790282150611603,66.89412138162893,0.18684032284604016,-1.414909447439221
1.404081632653061,-0.1714285714285714,29.90970070595264,67.77470282628789,0.18684032284604016,-1.4839294204850366
1.4693877551020407,-0.1714285714285714,29.029119261293683,68.65528427094685,0.18684032284604016,-1.552949393530852
1.5346938775510204,-0.1714285714285714,28.148537816634718,69.53586571560582,0.18684032284604016,-1.6219693665766681
1.6,-0.1714285714285714,27.26795637197576,70.41644716026478,0.18684032284604016,-1.6909893396224838
-1.6,-0.11428571428571427,72.30237990489135,29.153889116602336,0.12456021523069344,1.6909893396224838
-1.5346938775510204,-0.11428571428571427,71.4217984602324,30.034470561261294,0.12456021523069344,1.6219693665766681
-1.469387755102041,-0.11428571428571427,70.54121701557344,30.915052005920256,0.12456021523069344,1.5529493935308523
-1.4040816326530614,-0.11428571428571427,69.66063557091448,31.795633450579217,0.12456021523069344,1.4839294204850366
-1.3387755102040817,-0.11428571428571427,68.78005412625551,32.676214895238175,0.12456021523069344,1.414909447439221
-1.273469387755102,-0.11428571428571427,67.89947268159656,33.55679633989713,0.12456021523069344,1.3458894743934053
-1.2081632653061225,-0.11428571428571427,67.01889123693759,34.43737778455609,0.12456021523069344,1.2768695013475897
-1.142857142857143,-0.11428571428571427,66.13830979227865,35.31795922921505,0.12456021523069344,1.2078495283017745
-1.0775510204081633,-0.11428571428571427,65.25772834761968,36.198540673874014,0.12456021523069344,1.1388295552559584
-1.0122448979591836,-0.11428571428571427,64.37714690296072,37.07912211853298,0.12456021523069344,1.0698095822101428
-0.9469387755102041,-0.11428571428571427,63.49656545830176,37.95970356319194,0.12456021523069344,1.0007896091643271
-0.8816326530612246,-0.11428571428571427,62.6159840136428,38.840285007850895,0.12456021523069344,0.9317696361185116
-0.8163265306122449,-0.11428571428571427,61.73540256898384,39.72086645250985,0.12456021523069344,0.8627496630726957
-0.7510204081632653,-0.11428571428571427,60.854821124324886,40.60144789716881,0.12456021523069344,0.7937296900268802
-0.6857142857142857,-0.11428571428571427,59.97423967966592,41.48202934182777,0.12456021523069344,0.7247097169810645
-0.6204081632653062,-0.11428571428571427,59.09365823500696,42.36261078648673,0.12456021523069344,0.655689743935249
-0.5551020408163266,-0.11428571428571427,58.213076790348005,43.24319223114569,0.12456021523069344,0.5866697708894332
-0.4897959183673469,-0.11428571428571427,57.33249534568904,44.12377367580465,0.12456021523069344,0.5176497978436174
-0.4244897959183674,-0.11428571428571427,56.45191390103008,45.00435512046361,0.12456021523069344,0.44862982479780183
-0.3591836734693879,-0.11428571428571427,55.571332456371124,45.884936565122565,0.12456021523069344,0.37960985175198625
-0.2938775510204082,-0.11428571428571427,54.690751011712166,46.76551800978153,0.12456021523069344,0.31058987870617055
-0.22857142857142854,-0.11428571428571427,53.8101695670532,47.64609945444049,0.12456021523069344,0.24156990566035474
-0.16326530612244902,-0.11428571428571427,52.92958812239424,48.526680899099446,0.12456021523069344,0.17254993261453916
-0.09795918367346952,-0.11428571428571427,52.049006677735285,49.407262343758404,0.12456021523069344,0.10352995956872366
-0.03265306122448984,-0.11428571428571427,51.16842523307633,50.28784378841736,0.12456021523069344,0.03450998652290788
0.03265306122448984,-0.11428571428571427,50.28784378841736,51.16842523307633,0.12456021523069344,-0.03450998652290788
0.09795918367346952,-0.11428571428571427,49.407262343758404,52.049006677735285,0.12456021523069344,-0.10352995956872366
0.16326530612244886,-0.11428571428571427,48.526680899099446,52.92958812239424,0.12456021523069344,-0.17254993261453905
0.22857142857142854,-0.11428571428571427,47.64609945444049,53.8101695670532,0.12456021523069344,-0.24156990566035474
0.2938775510204082,-0.11428571428571427,46.76551800978153,54.690751011712166,0.12456021523069344,-0.31058987870617055
0.3591836734693875,-0.11428571428571427,45.88493656512257,55.571332456371124,0.12456021523069344,-0.3796098517519859
0.4244897959183672,-0.11428571428571427,45.004355120463615,56.45191390103008,0.12456021523069344,-0.4486298247978017
0.4897959183673469,-0.11428571428571427,44.12377367580465,57.33249534568904,0.12456021523069344,-0.5176497978436174
0.5551020408163266,-0.11428571428571427,43.24319223114569,58.213076790348005,0.12456021523069344,-0.5866697708894332
0.6204081632653062,-0.11428571428571427,42.36261078648673,59.09365823500696,0.12456021523069344,-0.655689743935249
0.6857142857142856,-0.11428571428571427,41.48202934182777,59.97423967966592,0.12456021523069344,-0.7247097169810643
0.7510204081632653,-0.11428571428571427,40.60144789716881,60.854821124324886,0.12456021523069344,-0.7937296900268802
0.8163265306122449,-0.11428571428571427,39.72086645250985,61.73540256898384,0.12456021523069344,-0.8627496630726957
0.8816326530612243,-0.11428571428571427,38.840285007850895,62.615984013642795,0.12456021523069344,-0.9317696361185112
0.946938775510204,-0.11428571428571427,37.95970356319194,63.49656545830176,0.12456021523069344,-1.0007896091643271
1.0122448979591836,-0.11428571428571427,37.07912211853298,64.37714690296072,0.12456021523069344,-1.0698095822101428
1.0775510204081633,-0.11428571428571427,36.198540673874014,65.25772834761968,0.12456021523069344,-1.1388295552559584
1.142857142857143,-0.11428571428571427,35.31795922921505,66.13830979227865,0.12456021523069344,-1.2078495283017745
1.2081632653061223,-0.11428571428571427,34.43737778455609,67.01889123693759,0.12456021523069344,-1.2768695013475897
1.273469387755102,-0.11428571428571427,33.55679633989713,67.89947268159656,0.12456021523069344,-1.3458894743934053
1.3387755102040817,-0.11428571428571427,32.676214895238175,68.78005412625551,0.12456021523069344,-1.414909447439221
1.404081632653061,-0.11428571428571427,31.795633450579217,69.66063557091448,0.12456021523069344,-1.4839294204850366
1.4693877551020407,-0.11428571428571427,30.91505200592026,70.54121701557344,0.12456021523069344,-1.552949393530852
1.5346938775510204,-0.11428571428571427,30.034470561261294,71.4217984602324,0.12456021523069344,-1.6219693665766681
1.6,-0.11428571428571427,29.153889116602336,72.30237990489135,0.12456021523069344,-1.6909893396224838
-1.6,-0.057142857142857134,74.18831264951794,31.039821861228912,0.06228010761534672,1.6909893396224838
-1.5346938775510204,-0.057142857142857134,73.30773120485898,31.920403305887874,0.06228010761534672,1.6219693665766681
-1.469387755102041,-0.057142857142857134,72.42714976020001,32.80098475054683,0.06228010761534672,1.5529493935308523
-1.4040816326530614,-0.057142857142857134,71.54656831554105,33.6815661952058,0.06228010761534672,1.4839294204850366
-1.3387755102040817,-0.057142857142857134,70.6659868708821,34.56214763986476,0.06228010761534672,1.414909447439221
-1.273469387755102,-0.057142857142857134,69.78540542622314,35.44272908452371,0.06228010761534672,1.3458894743934053
-1.2081632653061225,-0.057142857142857134,68.90482398156418,36.32331052918268,0.06228010761534672,1.2768695013475897
-1.142857142857143,-0.057142857142857134,68.02424253690522,37.20389197384163,0.06228010761534672,1.2078495283017745
-1.0775510204081633,-0.057142857142857134,67.14366109224625,38.08447341850059,0.06228010761534672,1.1388295552559584
-1.0122448979591836,-0.057142857142857134,66.26307964758729,38.96505486315955,0.06228010761534672,1.0698095822101428
-0.9469387755102041,-0.057142857142857134,65.38249820292833,39.84563630781851,0.06228010761534672,1.0007896091643271
-0.8816326530612246,-0.057142857142857134,64.50191675826937,40.72621775247747,0.06228010761534672,0.9317696361185116
-0.8163265306122449,-0.057142857142857134,63.621335313610416,41.60679919713643,0.06228010761534672,0.8627496630726957
-0.7510204081632653,-0.057142857142857134,62.74075386895146,42.48738064179538,0.06228010761534672,0.7937296900268802
-0.6857142857142857,-0.057142857142857134,61.8601724242925,43.36796208645435,0.06228010761534672,0.7247097169810645
-0.6204081632653062,-0.057142857142857134,60.97959097963354,44.248543531113306,0.06228010761534672,0.655689743935249
-0.5551020408163266,-0.057142857142857134,60.09900953497458,45.12912497577227,0.06228010761534672,0.5866697708894332
-0.4897959183673469,-0.057142857142857134,59.21842809031562,46.00970642043123,0.06228010761534672,0.5176497978436174
-0.4244897959183674,-0.057142857142857134,58.33784664565666,46.89028786509019,0.06228010761534672,0.44862982479780183
-0.3591836734693879,-0.057142857142857134,57.4572652009977,47.770869309749145,0.06228010761534672,0.37960985175198625
-0.2938775510204082,-0.057142857142857134,56.57668375633874,48.6514507544081,0.06228010761534672,0.31058987870617055
-0.22857142857142854,-0.057142857142857134,55.69610231167978,49.53203219906707,0.06228010761534672,0.24156990566035474
-0.16326530612244902,-0.057142857142857134,54.81552086702082,50.412613643726026,0.06228010761534672,0.17254993261453916
-0.09795918367346952,-0.057142857142857134,53.934939422361865,51.293195088384984,0.06228010761534672,0.10352995956872366
-0.03265306122448984,-0.057142857142857134,53.05435797770291,52.17377653304394,0.06228010761534672,0.03450998652290788
0.03265306122448984,-0.057142857142857134,52.17377653304394,53.05435797770291,0.06228010761534672,-0.03450998652290788
0.09795918367346952,-0.057142857142857134,51.293195088384984,53.934939422361865,0.06228010761534672,-0.10352995956872366
0.16326530612244886,-0.057142857142857134,50.412613643726026,54.81552086702082,0.06228010761534672,-0.17254993261453905
0.22857142857142854,-0.057142857142857134,49.53203219906707,55.69610231167978,0.06228010761534672,-0.24156990566035474
0.2938775510204082,-0.057142857142857134,48.6514507544081,56.57668375633874,0.06228010761534672,-0.31058987870617055
0.3591836734693875,-0.057142857142857134,47.770869309749145,57.457265200997696,0.06228010761534672,-0.3796098517519859
0.4244897959183672,-0.057142857142857134,46.89028786509019,58.33784664565666,0.06228010761534672,-0.4486298247978017
0.4897959183673469,-0.057142857142857134,46.00970642043123,59.21842809031562,0.06228010761534672,-0.5176497978436174
0.5551020408163266,-0.057142857142857134,45.12912497577227,60.09900953497458,0.06228010761534672,-0.5866697708894332
0.6204081632653062,-0.057142857142857134,44.248543531113306,60.97959097963354,0.06228010761534672,-0.655689743935249
0.6857142857142856,-0.057142857142857134,43.36796208645435,61.8601724242925,0.06228010761534672,-0.7247097169810643
0.7510204081632653,-0.057142857142857134,42.48738064179538,62.74075386895146,0.06228010761534672,-0.7937296900268802
0.8163265306122449,-0.057142857142857134,41.60679919713643,63.621335313610416,0.06228010761534672,-0.8627496630726957
0.8816326530612243,-0.057142857142857134,40.726217752477474,64.50191675826937,0.06228010761534672,-0.9317696361185112
0.946938775510204,-0.057142857142857134,39.84563630781851,65.38249820292833,0.06228010761534672,-1.0007896091643271
1.0122448979591836,-0.057142857142857134,38.96505486315955,66.26307964758729,0.06228010761534672,-1.0698095822101428
1.0775510204081633,-0.057142857142857134,38.08447341850059,67.14366109224625,0.06228010761534672,-1.1388295552559584
1.142857142857143,-0.057142857142857134,37.20389197384163,68.02424253690522,0.06228010761534672,-1.2078495283017745
1.2081632653061223,-0.057142857142857134,36.32331052918268,68.90482398156418,0.06228010761534672,-1.2768695013475897
1.273469387755102,-0.057142857142857134,35.44272908452371,69.78540542622314,0.06228010761534672,-1.3458894743934053
1.3387755102040817,-0.057142857142857134,34.56214763986476,70.6659868708821,0.06228010761534672,-1.414909447439221
1.404081632653061,-0.057142857142857134,33.6815661952058,71.54656831554105,0.06228010761534672,-1.4839294204850366
1.4693877551020407,-0.057142857142857134,32.80098475054684,72.42714976020001,0.06228010761534672,-1.552949393530852
1.5346938775510204,-0.057142857142857134,31.920403305887874,73.30773120485898,0.06228010761534672,-1.6219693665766681
1.6,-0.057142857142857134,31.039821861228912,74.18831264951794,0.06228010761534672,-1.6909893396224838
-1.6,0.0,76.07424539414451,32.92575460585549,-0.0,1.6909893396224838
-1.5346938775510204,0.0,75.19366394948555,33.806336050514446,-0.0,1.6219693665766681
-1.469387755102041,0.0,74.31308250482658,34.68691749517341,-0.0,1.5529493935308523
-1.4040816326530614,0.0,73.43250106016762,35.567498939832376,-0.0,1.4839294204850366
-1.3387755102040817,0.0,72.55191961550867,36.448080384491334,-0.0,1.414909447439221
-1.273469387755102,0.0,71.67133817084971,37.32866182915029,-0.0,1.3458894743934053
-1.2081632653061225,0.0,70.79075672619075,38.20924327380925,-0.0,1.2768695013475897
-1.142857142857143,0.0,69.91017528153179,39.08982471846821,-0.0,1.2078495283017745
-1.0775510204081633,0.0,69.02959383687283,39.970406163127166,-0.0,1.1388295552559584
-1.0122448979591836,0.0,68.14901239221388,40.85098760778613,-0.0,1.0698095822101428
-0.9469387755102041,0.0,67.26843094755492,41.73156905244508,-0.0,1.0007896091643271
-0.8816326530612246,0.0,66.38784950289596,42.61215049710405,-0.0,0.9317696361185116
-0.8163265306122449,0.0,65.50726805823699,43.49273194176301,-0.0,0.8627496630726957
-0.7510204081632653,0.0,64.62668661357803,44.37331338642196,-0.0,0.7937296900268802
-0.6857142857142857,0.0,63.74610516891907,45.25389483108093,-0.0,0.7247097169810645
-0.6204081632653062,0.0,62.865523724260115,46.134476275739885,-0.0,0.655689743935249
-0.5551020408163266,0.0,61.98494227960116,47.01505772039884,-0.0,0.5866697708894332
-0.4897959183673469,0.0,61.1043608349422,47.8956391650578,-0.0,0.5176497978436174
-0.4244897959183674,0.0,60.22377939028324,48.77622060971676,-0.0,0.44862982479780183
-0.3591836734693879,0.0,59.34319794562428,49.65680205437572,-0.0,0.37960985175198625
-0.2938775510204082,0.0,58.46261650096532,50.53738349903468,-0.0,0.31058987870617055
-0.22857142857142854,0.0,57.58203505630636,51.41796494369364,-0.0,0.24156990566035474
-0.16326530612244902,0.0,56.7014536116474,52.2985463883526,-0.0,0.17254993261453916
-0.09795918367346952,0.0,55.820872166988444,53.179127833011556,-0.0,0.10352995956872366
-0.03265306122448984,0.0,54.94029072232948,54.05970927767052,-0.0,0.03450998652290788
0.03265306122448984,0.0,54.05970927767052,54.94029072232948,-0.0,-0.03450998652290788
0.09795918367346952,0.0,53.179127833011556,55.820872166988444,-0.0,-0.10352995956872366
0.16326530612244886,0.0,52.298546388352605,56.701453611647395,-0.0,-0.17254993261453905
0.22857142857142854,0.0,51.41796494369364,57.58203505630636,-0.0,-0.24156990566035474
0.2938775510204082,0.0,50.53738349903468,58.46261650096532,-0.0,-0.31058987870617055
0.3591836734693875,0.0,49.656802054375724,59.343197945624276,-0.0,-0.3796098517519859
0.4244897959183672,0.0,48.776220609716766,60.223779390283234,-0.0,-0.4486298247978017
0.4897959183673469,0.0,47.8956391650578,61.1043608349422,-0.0,-0.5176497978436174
0.5551020408163266,0.0,47.01505772039884,61.98494227960116,-0.0,-0.5866697708894332
0.6204081632653062,0.0,46.134476275739885,62.865523724260115,-0.0,-0.655689743935249
0.6857142857142856,0.0,45.25389483108093,63.74610516891907,-0.0,-0.7247097169810643
0.7510204081632653,0.0,44.37331338642196,64.62668661357803,-0.0,-0.7937296900268802
0.8163265306122449,0.0,43.49273194176301,65.50726805823699,-0.0,-0.8627496630726957
0.8816326530612243,0.0,42.612150497104054,66.38784950289595,-0.0,-0.9317696361185112
0.946938775510204,0.0,41.73156905244508,67.26843094755492,-0.0,-1.0007896091643271
1.0122448979591836,0.0,40.85098760778613,68.14901239221388,-0.0,-1.0698095822101428
1.0775510204081633,0.0,39.970406163127166,69.02959383687283,-0.0,-1.1388295552559584
1.142857142857143,0.0,39.08982471846821,69.91017528153179,-0.0,-1.2078495283017745
1.2081632653061223,0.0,38.20924327380925,70.79075672619075,-0.0,-1.2768695013475897
1.273469387755102,0.0,37.32866182915029,71.67133817084971,-0.0,-1.3458894743934053
1.3387755102040817,0.0,36.448080384491334,72.55191961550867,-0.0,-1.414909447439221
1.404081632653061,0.0,35.567498939832376,73.43250106016762,-0.0,-1.4839294204850366
1.4693877551020407,0.0,34.68691749517342,74.31308250482658,-0.0,-1.552949393530852
1.5346938775510204,0.0,33.806336050514446,75.19366394948555,-0.0,-1.6219693665766681
1.6,0.0,32.92575460585549,76.07424539414451,-0.0,-1.6909893396224838
-1.6,0.057142857142857134,77.96017813877108,34.81168735048206,-0.06228010761534672,1.6909893396224838
-1.5346938775510204,0.057142857142857134,77.07959669411213,35.692268795141025,-0.06228010761534672,1.6219693665766681
-1.469387755102041,0.057142857142857134,76.19901524945317,36.57285023979999,-0.06228010761534672,1.5529493935308523
-1.4040816326530614,0.057142857142857134,75.31843380479421,37.45343168445895,-0.06228010761534672,1.4839294204850366
-1.3387755102040817,0.057142857142857134,74.43785236013524,38.334013129117906,-0.06228010761534672,1.414909447439221
-1.273469387755102,0.057142857142857134,73.5572709154763,39.214594573776864,-0.06228010761534672,1.3458894743934053
-1.2081632653061225,0.057142857142857134,72.67668947081732,40.09517601843583,-0.06228010761534672,1.2768695013475897
-1.142857142857143,0.057142857142857134,71.79610802615838,40.97575746309478,-0.06228010761534672,1.2078495283017745
-1.0775510204081633,0.057142857142857134,70.9155265814994,41.856338907753745,-0.06228010761534672,1.1388295552559584
-1.0122448979591836,0.057142857142857134,70.03494513684045,42.73692035241271,-0.06228010761534672,1.0698095822101428
-0.9469387755102041,0.057142857142857134,69.15436369218149,43.61750179707166,-0.06228010761534672,1.0007896091643271
-0.8816326530612246,0.057142857142857134,68.27378224752253,44.498083241730626,-0.06228010761534672,0.9317696361185116
-0.8163265306122449,0.057142857142857134,67.39320080286357,45.378664686389584,-0.06228010761534672,0.8627496630726957
-0.7510204081632653,0.057142857142857134,66.51261935820462,46.25924613104854,-0.06228010761534672,0.7937296900268802
-0.6857142857142857,0.057142857142857134,65.63203791354566,47.1398275757075,-0.06228010761534672,0.7247097169810645
-0.6204081632653062,0.057142857142857134,64.7514564688867,48.02040902036646,-0.06228010761534672,0.655689743935249
-0.5551020408163266,0.057142857142857134,63.87087502422773,48.90099046502542,-0.06228010761534672,0.5866697708894332
-0.4897959183673469,0.057142857142857134,62.99029357956877,49.78157190968438,-0.06228010761534672,0.5176497978436174
-0.4244897959183674,0.057142857142857134,62.10971213490981,50.66215335434334,-0.06228010761534672,0.44862982479780183
-0.3591836734693879,0.057142857142857134,61.229130690250855,51.5427347990023,-0.06228010761534672,0.37960985175198625
-0.2938775510204082,0.057142857142857134,60.3485492455919,52.42331624366126,-0.06228010761534672,0.31058987870617055
-0.22857142857142854,0.057142857142857134,59.46796780093293,53.30389768832022,-0.06228010761534672,0.24156990566035474
-0.16326530612244902,0.057142857142857134,58.587386356273974,54.18447913297918,-0.06228010761534672,0.17254993261453916
-0.09795918367346952,0.057142857142857134,57.706804911615016,55.065060577638135,-0.06228010761534672,0.10352995956872366
-0.03265306122448984,0.057142857142857134,56.82622346695606,55.94564202229709,-0.06228010761534672,0.03450998652290788
0.03265306122448984,0.057142857142857134,55.94564202229709,56.82622346695606,-0.06228010761534672,-0.03450998652290788
0.09795918367346952,0.057142857142857134,55.065060577638135,57.706804911615016,-0.06228010761534672,-0.10352995956872366
0.16326530612244886,0.057142857142857134,54.18447913297918,58.587386356273974,-0.06228010761534672,-0.17254993261453905
0.22857142857142854,0.057142857142857134,53.30389768832022,59.46796780093293,-0.06228010761534672,-0.24156990566035474
0.2938775510204082,0.057142857142857134,52.42331624366126,60.3485492455919,-0.06228010761534672,-0.31058987870617055
0.3591836734693875,0.057142857142857134,51.542734799002304,61.229130690250855,-0.06228010761534672,-0.3796098517519859
0.4244897959183672,0.057142857142857134,50.66215335434334,62.10971213490981,-0.06228010761534672,-0.4486298247978017
0.4897959183673469,0.057142857142857134,49.78157190968438,62.99029357956877,-0.06228010761534672,-0.5176497978436174
0.5551020408163266,0.057142857142857134,48.90099046502542,63.87087502422773,-0.06228010761534672,-0.5866697708894332
0.6204081632653062,0.057142857142857134,48.02040902036646,64.7514564688867,-0.06228010761534672,-0.655689743935249
0.6857142857142856,0.057142857142857134,47.1398275757075,65.63203791354564,-0.06228010761534672,-0.7247097169810643
0.7510204081632653,0.057142857142857134,46.25924613104854,66.51261935820462,-0.06228010761534672,-0.7937296900268802
0.8163265306122449,0.057142857142857134,45.378664686389584,67.39320080286357,-0.06228010761534672,-0.8627496630726957
0.8816326530612243,0.057142857142857134,44.498083241730626,68.27378224752253,-0.06228010761534672,-0.9317696361185112
0.946938775510204,0.057142857142857134,43.61750179707166,69.15436369218149,-0.06228010761534672,-1.0007896091643271
1.0122448979591836,0.057142857142857134,42.73692035241271,70.03494513684045,-0.06228010761534672,-1.0698095822101428
1.0775510204081633,0.057142857142857134,41.856338907753745,70.9155265814994,-0.06228010761534672,-1.1388295552559584
1.142857142857143,0.057142857142857134,40.97575746309478,71.79610802615838,-0.06228010761534672,-1.2078495283017745
1.2081632653061223,0.057142857142857134,40.09517601843583,72.67668947081732,-0.06228010761534672,-1.2768695013475897
1.273469387755102,0.057142857142857134,39.214594573776864,73.5572709154763,-0.06228010761534672,-1.3458894743934053
1.3387755102040817,0.057142857142857134,38.334013129117906,74.43785236013524,-0.06228010761534672,-1.414909447439221
1.404081632653061,0.057142857142857134,37.45343168445895,75.31843380479421,-0.06228010761534672,-1.4839294204850366
1.4693877551020407,0.057142857142857134,36.57285023979999,76.19901524945317,-0.06228010761534672,-1.552949393530852
1.5346938775510204,0.057142857142857134,35.692268795141025,77.07959669411213,-0.06228010761534672,-1.6219693665766681
1.6,0.057142857142857134,34.81168735048206,77.96017813877108,-0.06228010761534672,-1.6909893396224838
-1.6,0.11428571428571427,79.84611088339767,36.69762009510865,-0.12456021523069344,1.6909893396224838
-1.5346938775510204,0.11428571428571427,78.96552943873871,37.578201539767605,-0.12456021523069344,1.6219693665766681
-1.469387755102041,0.11428571428571427,78.08494799407974,38.45878298442656,-0.12456021523069344,1.5529493935308523
-1.4040816326530614,0.11428571428571427,77.20436654942078,39.33936442908553,-0.12456021523069344,1.4839294204850366
-1.3387755102040817,0.11428571428571427,76.32378510476182,40.219945873744486,-0.12456021523069344,1.414909447439221
-1.273469387755102,0.11428571428571427,75.44320366010287,41.100527318403444,-0.12456021523069344,1.3458894743934053
-1.2081632653061225,0.11428571428571427,74.56262221544391,41.98110876306241,-0.12456021523069344,1.2768695013475897
-1.142857142857143,0.11428571428571427,73.68204077078495,42.86169020772136,-0.12456021523069344,1.2078495283017745
-1.0775510204081633,0.11428571428571427,72.80145932612598,43.742271652380325,-0.12456021523069344,1.1388295552559584
-1.0122448979591836,0.11428571428571427,71.92087788146702,44.62285309703928,-0.12456021523069344,1.0698095822101428
-0.9469387755102041,0.11428571428571427,71.04029643680806,45.50343454169824,-0.12456021523069344,1.0007896091643271
-0.8816326530612246,0.11428571428571427,70.1597149921491,46.3840159863572,-0.12456021523069344,0.9317696361185116
-0.8163265306122449,0.11428571428571427,69.27913354749015,47.26459743101616,-0.12456021523069344,0.8627496630726957
-0.7510204081632653,0.11428571428571427,68.39855210283119,48.145178875675114,-0.12456021523069344,0.7937296900268802
-0.6857142857142857,0.11428571428571427,67.51797065817223,49.02576032033408,-0.12456021523069344,0.7247097169810645
-0.6204081632653062,0.11428571428571427,66.63738921351327,49.90634176499304,-0.12456021523069344,0.655689743935249
-0.5551020408163266,0.11428571428571427,65.75680776885432,50.786923209651995,-0.12456021523069344,0.5866697708894332
-0.4897959183673469,0.11428571428571427,64.87622632419536,51.66750465431096,-0.12456021523069344,0.5176497978436174
-0.4244897959183674,0.11428571428571427,63.99564487953639,52.54808609896992,-0.12456021523069344,0.44862982479780183
-0.3591836734693879,0.11428571428571427,63.115063434877435,53.428667543628876,-0.12456021523069344,0.37960985175198625
-0.2938775510204082,0.11428571428571427,62.23448199021847,54.309248988287834,-0.12456021523069344,0.31058987870617055
-0.22857142857142854,0.11428571428571427,61.35390054555951,55.1898304329468,-0.12456021523069344,0.24156990566035474
-0.16326530612244902,0.11428571428571427,60.473319100900554,56.07041187760576,-0.12456021523069344,0.17254993261453916
-0.09795918367346952,0.11428571428571427,59.592737656241596,56.950993322264715,-0.12456021523069344,0.10352995956872366
-0.03265306122448984,0.11428571428571427,58.71215621158264,57.83157476692367,-0.12456021523069344,0.03450998652290788
0.03265306122448984,0.11428571428571427,57.83157476692367,58.71215621158264,-0.12456021523069344,-0.03450998652290788
0.09795918367346952,0.11428571428571427,56.950993322264715,59.592737656241596,-0.12456021523069344,-0.10352995956872366
0.16326530612244886,0.11428571428571427,56.07041187760576,60.473319100900554,-0.12456021523069344,-0.17254993261453905
0.22857142857142854,0.11428571428571427,55.1898304329468,61.35390054555951,-0.12456021523069344,-0.24156990566035474
0.2938775510204082,0.11428571428571427,54.309248988287834,62.23448199021847,-0.12456021523069344,-0.31058987870617055
0.3591836734693875,0.11428571428571427,53.428667543628876,63.11506343487743,-0.12456021523069344,-0.3796098517519859
0.4244897959183672,0.11428571428571427,52.54808609896992,63.995644879536385,-0.12456021523069344,-0.4486298247978017
0.4897959183673469,0.11428571428571427,51.66750465431096,64.87622632419536,-0.12456021523069344,-0.5176497978436174
0.5551020408163266,0.11428571428571427,50.786923209651995,65.75680776885432,-0.12456021523069344,-0.5866697708894332
0.6204081632653062,0.11428571428571427,49.90634176499304,66.63738921351327,-0.12456021523069344,-0.655689743935249
0.6857142857142856,0.11428571428571427,49.02576032033408,67.51797065817223,-0.12456021523069344,-0.7247097169810643
0.7510204081632653,0.11428571428571427,48.145178875675114,68.39855210283119,-0.12456021523069344,-0.7937296900268802
0.8163265306122449,0.11428571428571427,47.26459743101616,69.27913354749015,-0.12456021523069344,-0.8627496630726957
0.8816326530612243,0.11428571428571427,46.384015986357205,70.1597149921491,-0.12456021523069344,-0.9317696361185112
0.946938775510204,0.11428571428571427,45.50343454169824,71.04029643680806,-0.12456021523069344,-1.0007896091643271
1.0122448979591836,0.11428571428571427,44.62285309703928,71.92087788146702,-0.12456021523069344,-1.0698095822101428
1.0775510204081633,0.11428571428571427,43.742271652380325,72.80145932612598,-0.12456021523069344,-1.1388295552559584
1.142857142857143,0.11428571428571427,42.86169020772136,73.68204077078495,-0.12456021523069344,-1.2078495283017745
1.2081632653061223,0.11428571428571427,41.98110876306241,74.56262221544391,-0.12456021523069344,-1.2768695013475897
1.273469387755102,0.11428571428571427,41.100527318403444,75.44320366010287,-0.12456021523069344,-1.3458894743934053
1.3387755102040817,0.11428571428571427,40.219945873744486,76.32378510476182,-0.12456021523069344,-1.414909447439221
1.404081632653061,0.11428571428571427,39.33936442908553,77.20436654942078,-0.12456021523069344,-1.4839294204850366
1.4693877551020407,0.11428571428571427,38.45878298442657,78.08494799407974,-0.12456021523069344,-1.552949393530852
1.5346938775510204,0.11428571428571427,37.578201539767605,78.96552943873871,-0.12456021523069344,-1.6219693665766681
1.6,0.11428571428571427,36.69762009510865,79.84611088339767,-0.12456021523069344,-1.6909893396224838
-1.6,0.1714285714285714,81.73204362802424,38.58355283973522,-0.18684032284604016,1.6909893396224838
-1.5346938775510204,0.1714285714285714,80.85146218336529,39.46413428439418,-0.18684032284604016,1.6219693665766681
-1.469387755102041,0.1714285714285714,79.97088073870631,40.34471572905314,-0.18684032284604016,1.5529493935308523
-1.4040816326530614,0.1714285714285714,79.09029929404736,41.2252971737121,-0.18684032284604016,1.4839294204850366
-1.3387755102040817,0.1714285714285714,78.2097178493884,42.105878618371065,-0.18684032284604016,1.414909447439221
-1.273469387755102,0.1714285714285714,77.32913640472944,42.98646006303002,-0.18684032284604016,1.3458894743934053
-1.2081632653061225,0.1714285714285714,76.44855496007048,43.86704150768898,-0.18684032284604016,1.2768695013475897
-1.142857142857143,0.1714285714285714,75.56797351541152,44.74762295234793,-0.18684032284604016,1.2078495283017745
-1.0775510204081633,0.1714285714285714,74.68739207075257,45.6282043970069,-0.18684032284604016,1.1388295552559584
-1.0122448979591836,0.1714285714285714,73.80681062609361,46.50878584166586,-0.18684032284604016,1.0698095822101428
-0.9469387755102041,0.1714285714285714,72.92622918143465,47.38936728632481,-0.18684032284604016,1.0007896091643271
-0.8816326530612246,0.1714285714285714,72.04564773677569,48.26994873098378,-0.18684032284604016,0.9317696361185116
-0.8163265306122449,0.1714285714285714,71.16506629211672,49.150530175642736,-0.18684032284604016,0.8627496630726957
-0.7510204081632653,0.1714285714285714,70.28448484745778,50.031111620301694,-0.18684032284604016,0.7937296900268802
-0.6857142857142857,0.1714285714285714,69.4039034027988,50.91169306496066,-0.18684032284604016,0.7247097169810645
-0.6204081632653062,0.1714285714285714,68.52332195813985,51.79227450961961,-0.18684032284604016,0.655689743935249
-0.5551020408163266,0.1714285714285714,67.64274051348089,52.672855954278575,-0.18684032284604016,0.5866697708894332
-0.4897959183673469,0.1714285714285714,66.76215906882193,53.55343739893753,-0.18684032284604016,0.5176497978436174
-0.4244897959183674,0.1714285714285714,65.88157762416297,54.43401884359649,-0.18684032284604016,0.44862982479780183
-0.3591836734693879,0.1714285714285714,65.00099617950401,55.314600288255455,-0.18684032284604016,0.37960985175198625
-0.2938775510204082,0.1714285714285714,64.12041473484506,56.19518173291441,-0.18684032284604016,0.31058987870617055
-0.22857142857142854,0.1714285714285714,63.239833290186084,57.07576317757337,-0.18684032284604016,0.24156990566035474
-0.16326530612244902,0.1714285714285714,62.35925184552713,57.95634462223233,-0.18684032284604016,0.17254993261453916
-0.09795918367346952,0.1714285714285714,61.478670400868175,58.83692606689129,-0.18684032284604016,0.10352995956872366
-0.03265306122448984,0.1714285714285714,60.59808895620921,59.71750751155025,-0.18684032284604016,0.03450998652290788
0.03265306122448984,0.1714285714285714,59.71750751155025,60.59808895620921,-0.18684032284604016,-0.03450998652290788
0.09795918367346952,0.1714285714285714,58.83692606689129,61.478670400868175,-0.18684032284604016,-0.10352995956872366
0.16326530612244886,0.1714285714285714,57.956344622232336,62.359251845527126,-0.18684032284604016,-0.17254993261453905
0.22857142857142854,0.1714285714285714,57.07576317757337,63.239833290186084,-0.18684032284604016,-0.24156990566035474
0.2938775510204082,0.1714285714285714,56.19518173291441,64.12041473484506,-0.18684032284604016,-0.31058987870617055
0.3591836734693875,0.1714285714285714,55.314600288255455,65.000996179504,-0.18684032284604016,-0.3796098517519859
0.4244897959183672,0.1714285714285714,54.4340188435965,65.88157762416297,-0.18684032284604016,-0.4486298247978017
0.4897959183673469,0.1714285714285714,53.55343739893753,66.76215906882193,-0.18684032284604016,-0.5176497978436174
0.5551020408163266,0.1714285714285714,52.672855954278575,67.64274051348089,-0.18684032284604016,-0.5866697708894332
0.6204081632653062,0.1714285714285714,51.79227450961961,68.52332195813985,-0.18684032284604016,-0.655689743935249
0.6857142857142856,0.1714285714285714,50.91169306496066,69.4039034027988,-0.18684032284604016,-0.7247097169810643
0.7510204081632653,0.1714285714285714,50.031111620301694,70.28448484745778,-0.18684032284604016,-0.7937296900268802
0.8163265306122449,0.1714285714285714,49.150530175642736,71.16506629211672,-0.18684032284604016,-0.8627496630726957
0.8816326530612243,0.1714285714285714,48.269948730983785,72.04564773677568,-0.18684032284604016,-0.9317696361185112
0.946938775510204,0.1714285714285714,47.38936728632481,72.92622918143465,-0.18684032284604016,-1.0007896091643271
1.0122448979591836,0.1714285714285714,46.50878584166586,73.80681062609361,-0.18684032284604016,-1.0698095822101428
1.0775510204081633,0.1714285714285714,45.6282043970069,74.68739207075257,-0.18684032284604016,-1.1388295552559584
1.142857142857143,0.1714285714285714,44.74762295234793,75.56797351541152,-0.18684032284604016,-1.2078495283017745
1.2081632653061223,0.1714285714285714,43.86704150768898,76.44855496007048,-0.18684032284604016,-1.2768695013475897
1.273469387755102,0.1714285714285714,42.98646006303002,77.32913640472944,-0.18684032284604016,-1.3458894743934053
1.3387755102040817,0.1714285714285714,42.105878618371065,78.2097178493884,-0.18684032284604016,-1.414909447439221
1.404081632653061,0.1714285714285714,41.2252971737121,79.09029929404736,-0.18684032284604016,-1.4839294204850366
1.4693877551020407,0.1714285714285714,40.34471572905314,79.97088073870631,-0.18684032284604016,-1.552949393530852
1.5346938775510204,0.1714285714285714,39.46413428439418,80.85146218336529,-0.18684032284604016,-1.6219693665766681
1.6,0.1714285714285714,38.58355283973522,81.73204362802424,-0.18684032284604016,-1.6909893396224838
-1.6,0.22857142857142854,83.61797637265082,40.4694855843618,-0.24912043046138688,1.6909893396224838
-1.5346938775510204,0.22857142857142854,82.73739492799186,41.35006702902076,-0.24912043046138688,1.6219693665766681
-1.469387755102041,0.22857142857142854,81.8568134833329,42.23064847367972,-0.24912043046138688,1.5529493935308523
-1.4040816326530614,0.22857142857142854,80.97623203867394,43.11122991833868,-0.24912043046138688,1.4839294204850366
-1.3387755102040817,0.22857142857142854,80.09565059401498,43.99181136299764,-0.24912043046138688,1.414909447439221
-1.273469387755102,0.22857142857142854,79.21506914935603,44.872392807656595,-0.24912043046138688,1.3458894743934053
-1.2081632653061225,0.22857142857142854,78.33448770469705,45.75297425231556,-0.24912043046138688,1.2768695013475897
-1.142857142857143,0.22857142857142854,77.45390626003811,46.63355569697451,-0.24912043046138688,1.2078495283017745
-1.0775510204081633,0.22857142857142854,76.57332481537914,47.514137141633476,-0.24912043046138688,1.1388295552559584
-1.0122448979591836,0.22857142857142854,75.69274337072018,48.394718586292434,-0.24912043046138688,1.0698095822101428
-0.9469387755102041,0.22857142857142854,74.81216192606122,49.27530003095139,-0.24912043046138688,1.0007896091643271
-0.8816326530612246,0.22857142857142854,73.93158048140226,50.15588147561036,-0.24912043046138688,0.9317696361185116
-0.8163265306122449,0.22857142857142854,73.0509990367433,51.036462920269315,-0.24912043046138688,0.8627496630726957
-0.7510204081632653,0.22857142857142854,72.17041759208435,51.91704436492827,-0.24912043046138688,0.7937296900268802
-0.6857142857142857,0.22857142857142854,71.28983614742538,52.79762580958723,-0.24912043046138688,0.7247097169810645
-0.6204081632653062,0.22857142857142854,70.40925470276642,53.67820725424619,-0.24912043046138688,0.655689743935249
-0.5551020408163266,0.22857142857142854,69.52867325810746,54.558788698905154,-0.24912043046138688,0.5866697708894332
-0.4897959183673469,0.22857142857142854,68.6480918134485,55.43937014356411,-0.24912043046138688,0.5176497978436174
-0.4244897959183674,0.22857142857142854,67.76751036878954,56.31995158822307,-0.24912043046138688,0.44862982479780183
-0.3591836734693879,0.22857142857142854,66.88692892413059,57.20053303288203,-0.24912043046138688,0.37960985175198625
-0.2938775510204082,0.22857142857142854,66.00634747947163,58.08111447754099,-0.24912043046138688,0.31058987870617055
-0.22857142857142854,0.22857142857142854,65.12576603481267,58.96169592219995,-0.24912043046138688,0.24156990566035474
-0.16326530612244902,0.22857142857142854,64.24518459015371,59.84227736685891,-0.24912043046138688,0.17254993261453916
-0.09795918367346952,0.22857142857142854,63.364603145494755,60.72285881151787,-0.24912043046138688,0.10352995956872366
-0.03265306122448984,0.22857142857142854,62.48402170083579,61.603440256176825,-0.24912043046138688,0.03450998652290788
0.03265306122448984,0.22857142857142854,61.603440256176825,62.48402170083579,-0.24912043046138688,-0.03450998652290788
0.09795918367346952,0.22857142857142854,60.72285881151787,63.364603145494755,-0.24912043046138688,-0.10352995956872366
0.16326530612244886,0.22857142857142854,59.84227736685891,64.24518459015371,-0.24912043046138688,-0.17254993261453905
0.22857142857142854,0.22857142857142854,58.96169592219995,65.12576603481267,-0.24912043046138688,-0.24156990566035474
0.2938775510204082,0.22857142857142854,58.08111447754099,66.00634747947163,-0.24912043046138688,-0.31058987870617055
0.3591836734693875,0.22857142857142854,57.200533032882035,66.88692892413059,-0.24912043046138688,-0.3796098517519859
0.4244897959183672,0.22857142857142854,56.31995158822307,67.76751036878954,-0.24912043046138688,-0.4486298247978017
0.4897959183673469,0.22857142857142854,55.43937014356411,68.6480918134485,-0.24912043046138688,-0.5176497978436174
0.5551020408163266,0.22857142857142854,54.558788698905154,69.52867325810746,-0.24912043046138688,-0.5866697708894332
0.6204081632653062,0.22857142857142854,53.67820725424619,70.40925470276642,-0.24912043046138688,-0.655689743935249
0.6857142857142856,0.22857142857142854,52.79762580958723,71.28983614742538,-0.24912043046138688,-0.7247097169810643
0.7510204081632653,0.22857142857142854,51.91704436492827,72.17041759208435,-0.24912043046138688,-0.7937296900268802
0.8163265306122449,0.22857142857142854,51.036462920269315,73.0509990367433,-0.24912043046138688,-0.8627496630726957
0.8816326530612243,0.22857142857142854,50.15588147561036,73.93158048140225,-0.24912043046138688,-0.9317696361185112
0.946938775510204,0.22857142857142854,49.27530003095139,74.81216192606122,-0.24912043046138688,-1.0007896091643271
1.0122448979591836,0.22857142857142854,48.394718586292434,75.69274337072018,-0.24912043046138688,-1.0698095822101428
1.0775510204081633,0.22857142857142854,47.514137141633476,76.57332481537914,-0.24912043046138688,-1.1388295552559584
1.142857142857143,0.22857142857142854,46.63355569697451,77.45390626003811,-0.24912043046138688,-1.2078495283017745
1.2081632653061223,0.22857142857142854,45.75297425231556,78.33448770469705,-0.24912043046138688,-1.2768695013475897
1.273469387755102,0.22857142857142854,44.872392807656595,79.21506914935603,-0.24912043046138688,-1.3458894743934053
1.3387755102040817,0.22857142857142854,43.99181136299764,80.09565059401498,-0.24912043046138688,-1.414909447439221
1.404081632653061,0.22857142857142854,43.11122991833868,80.97623203867394,-0.24912043046138688,-1.4839294204850366
1.4693877551020407,0.22857142857142854,42.23064847367972,81.8568134833329,-0.24912043046138688,-1.552949393530852
1.5346938775510204,0.22857142857142854,41.35006702902076,82.73739492799186,-0.24912043046138688,-1.6219693665766681
1.6,0.22857142857142854,40.4694855843618,83.61797637265082,-0.24912043046138688,-1.6909893396224838
-1.6,0.28571428571428564,85.5039091172774,42.35541832898838,-0.3114005380767336,1.6909893396224838
-1.5346938775510204,0.28571428571428564,84.62332767261844,43.235999773647336,-0.3114005380767336,1.6219693665766681
-1.469387755102041,0.28571428571428564,83.74274622795949,44.116581218306294,-0.3114005380767336,1.5529493935308523
-1.4040816326530614,0.28571428571428564,82.86216478330051,44.99716266296526,-0.3114005380767336,1.4839294204850366
-1.3387755102040817,0.28571428571428564,81.98158333864156,45.87774410762422,-0.3114005380767336,1.414909447439221
-1.273469387755102,0.28571428571428564,81.1010018939826,46.758325552283175,-0.3114005380767336,1.3458894743934053
-1.2081632653061225,0.28571428571428564,80.22042044932363,47.63890699694214,-0.3114005380767336,1.2768695013475897
-1.142857142857143,0.28571428571428564,79.33983900466468,48.51948844160109,-0.3114005380767336,1.2078495283017745
-1.0775510204081633,0.28571428571428564,78.45925756000572,49.400069886260056,-0.3114005380767336,1.1388295552559584
-1.0122448979591836,0.28571428571428564,77.57867611534675,50.280651330919014,-0.3114005380767336,1.0698095822101428
-0.9469387755102041,0.28571428571428564,76.6980946706878,51.16123277557797,-0.3114005380767336,1.0007896091643271
-0.8816326530612246,0.28571428571428564,75.81751322602884,52.04181422023693,-0.3114005380767336,0.9317696361185116
-0.8163265306122449,0.28571428571428564,74.93693178136988,52.922395664895895,-0.3114005380767336,0.8627496630726957
-0.7510204081632653,0.28571428571428564,74.05635033671092,53.80297710955485,-0.3114005380767336,0.7937296900268802
-0.6857142857142857,0.28571428571428564,73.17576889205196,54.68355855421381,-0.3114005380767336,0.7247097169810645
-0.6204081632653062,0.28571428571428564,72.295187447393,55.56413999887277,-0.3114005380767336,0.655689743935249
-0.5551020408163266,0.28571428571428564,71.41460600273405,56.44472144353173,-0.3114005380767336,0.5866697708894332
-0.4897959183673469,0.28571428571428564,70.53402455807509,57.32530288819069,-0.3114005380767336,0.5176497978436174
-0.4244897959183674,0.28571428571428564,69.65344311341612,58.20588433284965,-0.3114005380767336,0.44862982479780183
-0.3591836734693879,0.28571428571428564,68.77286166875717,59.08646577750861,-0.3114005380767336,0.37960985175198625
-0.2938775510204082,0.28571428571428564,67.8922802240982,59.967047222167565,-0.3114005380767336,0.31058987870617055
-0.22857142857142854,0.28571428571428564,67.01169877943924,60.84762866682653,-0.3114005380767336,0.24156990566035474
-0.16326530612244902,0.28571428571428564,66.13111733478028,61.72821011148549,-0.3114005380767336,0.17254993261453916
-0.09795918367346952,0.28571428571428564,65.25053589012133,62.608791556144446,-0.3114005380767336,0.10352995956872366
-0.03265306122448984,0.28571428571428564,64.36995444546237,63.489373000803404,-0.3114005380767336,0.03450998652290788
0.03265306122448984,0.28571428571428564,63.489373000803404,64.36995444546237,-0.3114005380767336,-0.03450998652290788
0.09795918367346952,0.28571428571428564,62.608791556144446,65.25053589012133,-0.3114005380767336,-0.10352995956872366
0.16326530612244886,0.28571428571428564,61.72821011148549,66.13111733478028,-0.3114005380767336,-0.17254993261453905
0.22857142857142854,0.28571428571428564,60.84762866682653,67.01169877943924,-0.3114005380767336,-0.24156990566035474
0.2938775510204082,0.28571428571428564,59.967047222167565,67.8922802240982,-0.3114005380767336,-0.31058987870617055
0.3591836734693875,0.28571428571428564,59.086465777508614,68.77286166875716,-0.3114005380767336,-0.3796098517519859
0.4244897959183672,0.28571428571428564,58.20588433284965,69.65344311341612,-0.3114005380767336,-0.4486298247978017
0.4897959183673469,0.28571428571428564,57.32530288819069,70.53402455807509,-0.3114005380767336,-0.5176497978436174
0.5551020408163266,0.28571428571428564,56.44472144353173,71.41460600273405,-0.3114005380767336,-0.5866697708894332
0.6204081632653062,0.28571428571428564,55.56413999887277,72.295187447393,-0.3114005380767336,-0.655689743935249
0.6857142857142856,0.28571428571428564,54.68355855421381,73.17576889205196,-0.3114005380767336,-0.7247097169810643
0.7510204081632653,0.28571428571428564,53.80297710955485,74.05635033671092,-0.3114005380767336,-0.7937296900268802
0.8163265306122449,0.28571428571428564,52.922395664895895,74.93693178136988,-0.3114005380767336,-0.8627496630726957
0.8816326530612243,0.28571428571428564,52.04181422023694,75.81751322602884,-0.3114005380767336,-0.9317696361185112
0.946938775510204,0.28571428571428564,51.16123277557797,76.6980946706878,-0.3114005380767336,-1.0007896091643271
1.0122448979591836,0.28571428571428564,50.280651330919014,77.57867611534675,-0.3114005380767336,-1.0698095822101428
1.0775510204081633,0.28571428571428564,49.400069886260056,78.45925756000572,-0.3114005380767336,-1.1388295552559584
1.142857142857143,0.28571428571428564,48.51948844160109,79.33983900466468,-0.3114005380767336,-1.2078495283017745
1.2081632653061223,0.28571428571428564,47.63890699694214,80.22042044932363,-0.3114005380767336,-1.2768695013475897
1.273469387755102,0.28571428571428564,46.758325552283175,81.1010018939826,-0.3114005380767336,-1.3458894743934053
1.3387755102040817,0.28571428571428564,45.87774410762422,81.98158333864156,-0.3114005380767336,-1.414909447439221
1.404081632653061,0.28571428571428564,44.99716266296526,82.86216478330051,-0.3114005380767336,-1.4839294204850366
1.4693877551020407,0.28571428571428564,44.1165812183063,83.74274622795947,-0.3114005380767336,-1.552949393530852
1.5346938775510204,0.28571428571428564,43.235999773647336,84.62332767261844,-0.3114005380767336,-1.6219693665766681
1.6,0.28571428571428564,42.35541832898838,85.5039091172774,-0.3114005380767336,-1.6909893396224838
-1.6,0.3428571428571428,87.38984186190397,44.24135107361495,-0.3736806456920803,1.6909893396224838
-1.5346938775510204,0.3428571428571428,86.50926041724502,45.12193251827391,-0.3736806456920803,1.6219693665766681
-1.469387755102041,0.3428571428571428,85.62867897258604,46.00251396293287,-0.3736806456920803,1.5529493935308523
-1.4040816326530614,0.3428571428571428,84.74809752792709,46.88309540759183,-0.3736806456920803,1.4839294204850366
-1.3387755102040817,0.3428571428571428,83.86751608326813,47.763676852250796,-0.3736806456920803,1.414909447439221
-1.273469387755102,0.3428571428571428,82.98693463860917,48.644258296909754,-0.3736806456920803,1.3458894743934053
-1.2081632653061225,0.3428571428571428,82.10635319395021,49.52483974156871,-0.3736806456920803,1.2768695013475897
-1.142857142857143,0.3428571428571428,81.22577174929125,50.40542118622766,-0.3736806456920803,1.2078495283017745
-1.0775510204081633,0.3428571428571428,80.3451903046323,51.28600263088663,-0.3736806456920803,1.1388295552559584
-1.0122448979591836,0.3428571428571428,79.46460885997334,52.16658407554559,-0.3736806456920803,1.0698095822101428
-0.9469387755102041,0.3428571428571428,78.58402741531438,53.047165520204544,-0.3736806456920803,1.0007896091643271
-0.8816326530612246,0.3428571428571428,77.70344597065542,53.92774696486351,-0.3736806456920803,0.9317696361185116
-0.8163265306122449,0.3428571428571428,76.82286452599645,54.80832840952247,-0.3736806456920803,0.8627496630726957
-0.7510204081632653,0.3428571428571428,75.94228308133751,55.688909854181425,-0.3736806456920803,0.7937296900268802
-0.6857142857142857,0.3428571428571428,75.06170163667854,56.56949129884038,-0.3736806456920803,0.7247097169810645
-0.6204081632653062,0.3428571428571428,74.18112019201958,57.45007274349934,-0.3736806456920803,0.655689743935249
-0.5551020408163266,0.3428571428571428,73.30053874736062,58.330654188158306,-0.3736806456920803,0.5866697708894332
-0.4897959183673469,0.3428571428571428,72.41995730270165,59.211235632817264,-0.3736806456920803,0.5176497978436174
-0.4244897959183674,0.3428571428571428,71.5393758580427,60.09181707747622,-0.3736806456920803,0.44862982479780183
-0.3591836734693879,0.3428571428571428,70.65879441338375,60.97239852213518,-0.3736806456920803,0.37960985175198625
-0.2938775510204082,0.3428571428571428,69.77821296872477,61.852979966794145,-0.3736806456920803,0.31058987870617055
-0.22857142857142854,0.3428571428571428,68.89763152406582,62.7335614114531,-0.3736806456920803,0.24156990566035474
-0.16326530612244902,0.3428571428571428,68.01705007940686,63.61414285611207,-0.3736806456920803,0.17254993261453916
-0.09795918367346952,0.3428571428571428,67.1364686347479,64.49472430077103,-0.3736806456920803,0.10352995956872366
-0.03265306122448984,0.3428571428571428,66.25588719008894,65.37530574542998,-0.3736806456920803,0.03450998652290788
0.03265306122448984,0.3428571428571428,65.37530574542998,66.25588719008894,-0.3736806456920803,-0.03450998652290788
0.09795918367346952,0.3428571428571428,64.49472430077103,67.1364686347479,-0.3736806456920803,-0.10352995956872366
0.16326530612244886,0.3428571428571428,63.61414285611207,68.01705007940686,-0.3736806456920803,-0.17254993261453905
0.22857142857142854,0.3428571428571428,62.7335614114531,68.89763152406582,-0.3736806456920803,-0.24156990566035474
0.2938775510204082,0.3428571428571428,61.852979966794145,69.77821296872477,-0.3736806456920803,-0.31058987870617055
0.3591836734693875,0.3428571428571428,60.97239852213519,70.65879441338373,-0.3736806456920803,-0.3796098517519859
0.4244897959183672,0.3428571428571428,60.09181707747623,71.5393758580427,-0.3736806456920803,-0.4486298247978017
0.4897959183673469,0.3428571428571428,59.211235632817264,72.41995730270165,-0.3736806456920803,-0.5176497978436174
0.5551020408163266,0.3428571428571428,58.330654188158306,73.30053874736062,-0.3736806456920803,-0.5866697708894332
0.6204081632653062,0.3428571428571428,57.45007274349934,74.18112019201958,-0.3736806456920803,-0.655689743935249
0.6857142857142856,0.3428571428571428,56.56949129884039,75.06170163667854,-0.3736806456920803,-0.7247097169810643
0.7510204081632653,0.3428571428571428,55.688909854181425,75.94228308133751,-0.3736806456920803,-0.7937296900268802
0.8163265306122449,0.3428571428571428,54.80832840952247,76.82286452599645,-0.3736806456920803,-0.8627496630726957
0.8816326530612243,0.3428571428571428,53.92774696486351,77.70344597065541,-0.3736806456920803,-0.9317696361185112
0.946938775510204,0.3428571428571428,53.047165520204544,78.58402741531438,-0.3736806456920803,-1.0007896091643271
1.0122448979591836,0.3428571428571428,52.16658407554559,79.46460885997334,-0.3736806456920803,-1.0698095822101428
1.0775510204081633,0.3428571428571428,51.28600263088663,80.3451903046323,-0.3736806456920803,-1.1388295552559584
1.142857142857143,0.3428571428571428,50.40542118622766,81.22577174929125,-0.3736806456920803,-1.2078495283017745
1.2081632653061223,0.3428571428571428,49.52483974156871,82.10635319395021,-0.3736806456920803,-1.2768695013475897
1.273469387755102,0.3428571428571428,48.644258296909754,82.98693463860917,-0.3736806456920803,-1.3458894743934053
1.3387755102040817,0.3428571428571428,47.763676852250796,83.86751608326813,-0.3736806456920803,-1.414909447439221
1.404081632653061,0.3428571428571428,46.88309540759183,84.74809752792709,-0.3736806456920803,-1.4839294204850366
1.4693877551020407,0.3428571428571428,46.00251396293287,85.62867897258604,-0.3736806456920803,-1.552949393530852
1.5346938775510204,0.3428571428571428,45.12193251827391,86.50926041724502,-0.3736806456920803,-1.6219693665766681
1.6,0.3428571428571428,44.24135107361495,87.38984186190397,-0.3736806456920803,-1.6909893396224838
-1.6,0.3999999999999999,89.27577460653055,46.12728381824153,-0.43596075330742706,1.6909893396224838
-1.5346938775510204,0.3999999999999999,88.39519316187159,47.00786526290049,-0.43596075330742706,1.6219693665766681
-1.469387755102041,0.3999999999999999,87.51461171721263,47.88844670755945,-0.43596075330742706,1.5529493935308523
-1.4040816326530614,0.3999999999999999,86.63403027255367,48.76902815221841,-0.43596075330742706,1.4839294204850366
-1.3387755102040817,0.3999999999999999,85.75344882789472,49.649609596877376,-0.43596075330742706,1.414909447439221
-1.273469387755102,0.3999999999999999,84.87286738323576,50.53019104153633,-0.43596075330742706,1.3458894743934053
-1.2081632653061225,0.3999999999999999,83.9922859385768,51.41077248619529,-0.43596075330742706,1.2768695013475897
-1.142857142857143,0.3999999999999999,83.11170449391784,52.29135393085424,-0.43596075330742706,1.2078495283017745
-1.0775510204081633,0.3999999999999999,82.23112304925887,53.17193537551321,-0.43596075330742706,1.1388295552559584
-1.0122448979591836,0.3999999999999999,81.35054160459991,54.05251682017217,-0.43596075330742706,1.0698095822101428
-0.9469387755102041,0.3999999999999999,80.46996015994095,54.93309826483112,-0.43596075330742706,1.0007896091643271
-0.8816326530612246,0.3999999999999999,79.589378715282,55.81367970949009,-0.43596075330742706,0.9317696361185116
-0.8163265306122449,0.3999999999999999,78.70879727062304,56.694261154149046,-0.43596075330742706,0.8627496630726957
-0.7510204081632653,0.3999999999999999,77.82821582596408,57.574842598808004,-0.43596075330742706,0.7937296900268802
-0.6857142857142857,0.3999999999999999,76.94763438130512,58.45542404346696,-0.43596075330742706,0.7247097169810645
-0.6204081632653062,0.3999999999999999,76.06705293664616,59.33600548812592,-0.43596075330742706,0.655689743935249
-0.5551020408163266,0.3999999999999999,75.18647149198719,60.216586932784885,-0.43596075330742706,0.5866697708894332
-0.4897959183673469,0.3999999999999999,74.30589004732823,61.09716837744384,-0.43596075330742706,0.5176497978436174
-0.4244897959183674,0.3999999999999999,73.42530860266928,61.9777498221028,-0.43596075330742706,0.44862982479780183
-0.3591836734693879,0.3999999999999999,72.54472715801032,62.858331266761766,-0.43596075330742706,0.37960985175198625
-0.2938775510204082,0.3999999999999999,71.66414571335136,63.738912711420724,-0.43596075330742706,0.31058987870617055
-0.22857142857142854,0.3999999999999999,70.7835642686924,64.61949415607968,-0.43596075330742706,0.24156990566035474
-0.16326530612244902,0.3999999999999999,69.90298282403344,65.50007560073864,-0.43596075330742706,0.17254993261453916
-0.09795918367346952,0.3999999999999999,69.02240137937449,66.3806570453976,-0.43596075330742706,0.10352995956872366
-0.03265306122448984,0.3999999999999999,68.14181993471553,67.26123849005656,-0.43596075330742706,0.03450998652290788
0.03265306122448984,0.3999999999999999,67.26123849005656,68.14181993471553,-0.43596075330742706,-0.03450998652290788
0.09795918367346952,0.3999999999999999,66.3806570453976,69.02240137937449,-0.43596075330742706,-0.10352995956872366
0.16326530612244886,0.3999999999999999,65.50007560073864,69.90298282403344,-0.43596075330742706,-0.17254993261453905
0.22857142857142854,0.3999999999999999,64.61949415607968,70.7835642686924,-0.43596075330742706,-0.24156990566035474
0.2938775510204082,0.3999999999999999,63.738912711420724,71.66414571335136,-0.43596075330742706,-0.31058987870617055
0.3591836734693875,0.3999999999999999,62.858331266761766,72.54472715801032,-0.43596075330742706,-0.3796098517519859
0.4244897959183672,0.3999999999999999,61.97774982210281,73.42530860266928,-0.43596075330742706,-0.4486298247978017
0.4897959183673469,0.3999999999999999,61.09716837744384,74.30589004732823,-0.43596075330742706,-0.5176497978436174
0.5551020408163266,0.3999999999999999,60.216586932784885,75.18647149198719,-0.43596075330742706,-0.5866697708894332
0.6204081632653062,0.3999999999999999,59.33600548812592,76.06705293664616,-0.43596075330742706,-0.655689743935249
0.6857142857142856,0.3999999999999999,58.45542404346697,76.94763438130511,-0.43596075330742706,-0.7247097169810643
0.7510204081632653,0.3999999999999999,57.574842598808004,77.82821582596408,-0.43596075330742706,-0.7937296900268802
0.8163265306122449,0.3999999999999999,56.694261154149046,78.70879727062304,-0.43596075330742706,-0.8627496630726957
0.8816326530612243,0.3999999999999999,55.81367970949009,79.58937871528198,-0.43596075330742706,-0.9317696361185112
0.946938775510204,0.3999999999999999,54.93309826483112,80.46996015994095,-0.43596075330742706,-1.0007896091643271
1.0122448979591836,0.3999999999999999,54.05251682017217,81.35054160459991,-0.43596075330742706,-1.0698095822101428
1.0775510204081633,0.3999999999999999,53.17193537551321,82.23112304925887,-0.43596075330742706,-1.1388295552559584
1.142857142857143,0.3999999999999999,52.29135393085424,83.11170449391784,-0.43596075330742706,-1.2078495283017745
1.2081632653061223,0.3999999999999999,51.41077248619529,83.9922859385768,-0.43596075330742706,-1.2768695013475897
1.273469387755102,0.3999999999999999,50.53019104153633,84.87286738323576,-0.43596075330742706,-1.3458894743934053
1.3387755102040817,0.3999999999999999,49.649609596877376,85.75344882789472,-0.43596075330742706,-1.414909447439221
1.404081632653061,0.3999999999999999,48.76902815221841,86.63403027255367,-0.43596075330742706,-1.4839294204850366
1.4693877551020407,0.3999999999999999,47.88844670755945,87.51461171721263,-0.43596075330742706,-1.552949393530852
1.5346938775510204,0.3999999999999999,47.00786526290049,88.39519316187159,-0.43596075330742706,-1.6219693665766681
1.6,0.3999999999999999,46.12728381824153,89.27577460653055,-0.43596075330742706,-1.6909893396224838
-1.6,0.4571428571428571,91.16170735115713,48.01321656286811,-0.49824086092277375,1.6909893396224838
-1.5346938775510204,0.4571428571428571,90.28112590649818,48.89379800752707,-0.49824086092277375,1.6219693665766681
-1.469387755102041,0.4571428571428571,89.4005444618392,49.774379452186025,-0.49824086092277375,1.5529493935308523
-1.4040816326530614,0.4571428571428571,88.51996301718025,50.65496089684499,-0.49824086092277375,1.4839294204850366
-1.3387755102040817,0.4571428571428571,87.63938157252127,51.53554234150395,-0.49824086092277375,1.414909447439221
-1.273469387755102,0.4571428571428571,86.75880012786233,52.416123786162906,-0.49824086092277375,1.3458894743934053
-1.2081632653061225,0.4571428571428571,85.87821868320337,53.296705230821864,-0.49824086092277375,1.2768695013475897
-1.142857142857143,0.4571428571428571,84.99763723854441,54.17728667548082,-0.49824086092277375,1.2078495283017745
-1.0775510204081633,0.4571428571428571,84.11705579388544,55.05786812013979,-0.49824086092277375,1.1388295552559584
-1.0122448979591836,0.4571428571428571,83.23647434922648,55.938449564798745,-0.49824086092277375,1.0698095822101428
-0.9469387755102041,0.4571428571428571,82.35589290456753,56.8190310094577,-0.49824086092277375,1.0007896091643271
-0.8816326530612246,0.4571428571428571,81.47531145990857,57.69961245411666,-0.49824086092277375,0.9317696361185116
-0.8163265306122449,0.4571428571428571,80.59473001524961,58.580193898775626,-0.49824086092277375,0.8627496630726957
-0.7510204081632653,0.4571428571428571,79.71414857059065,59.46077534343458,-0.49824086092277375,0.7937296900268802
-0.6857142857142857,0.4571428571428571,78.8335671259317,60.34135678809354,-0.49824086092277375,0.7247097169810645
-0.6204081632653062,0.4571428571428571,77.95298568127274,61.2219382327525,-0.49824086092277375,0.655689743935249
-0.5551020408163266,0.4571428571428571,77.07240423661378,62.10251967741146,-0.49824086092277375,0.5866697708894332
-0.4897959183673469,0.4571428571428571,76.19182279195482,62.98310112207042,-0.49824086092277375,0.5176497978436174
-0.4244897959183674,0.4571428571428571,75.31124134729585,63.86368256672938,-0.49824086092277375,0.44862982479780183
-0.3591836734693879,0.4571428571428571,74.4306599026369,64.74426401138834,-0.49824086092277375,0.37960985175198625
-0.2938775510204082,0.4571428571428571,73.55007845797793,65.6248454560473,-0.49824086092277375,0.31058987870617055
-0.22857142857142854,0.4571428571428571,72.66949701331897,66.50542690070625,-0.49824086092277375,0.24156990566035474
-0.16326530612244902,0.4571428571428571,71.78891556866002,67.38600834536521,-0.49824086092277375,0.17254993261453916
-0.09795918367346952,0.4571428571428571,70.90833412400106,68.26658979002417,-0.49824086092277375,0.10352995956872366
-0.03265306122448984,0.4571428571428571,70.0277526793421,69.14717123468314,-0.49824086092277375,0.03450998652290788
0.03265306122448984,0.4571428571428571,69.14717123468314,70.0277526793421,-0.49824086092277375,-0.03450998652290788
0.09795918367346952,0.4571428571428571,68.26658979002417,70.90833412400106,-0.49824086092277375,-0.10352995956872366
0.16326530612244886,0.4571428571428571,67.38600834536521,71.78891556866002,-0.49824086092277375,-0.17254993261453905
0.22857142857142854,0.4571428571428571,66.50542690070625,72.66949701331897,-0.49824086092277375,-0.24156990566035474
0.2938775510204082,0.4571428571428571,65.6248454560473,73.55007845797793,-0.49824086092277375,-0.31058987870617055
0.3591836734693875,0.4571428571428571,64.74426401138834,74.43065990263689,-0.49824086092277375,-0.3796098517519859
0.4244897959183672,0.4571428571428571,63.86368256672938,75.31124134729585,-0.49824086092277375,-0.4486298247978017
0.4897959183673469,0.4571428571428571,62.98310112207042,76.19182279195482,-0.49824086092277375,-0.5176497978436174
0.5551020408163266,0.4571428571428571,62.10251967741146,77.07240423661378,-0.49824086092277375,-0.5866697708894332
0.6204081632653062,0.4571428571428571,61.2219382327525,77.95298568127274,-0.49824086092277375,-0.655689743935249
0.6857142857142856,0.4571428571428571,60.34135678809354,78.8335671259317,-0.49824086092277375,-0.7247097169810643
0.7510204081632653,0.4571428571428571,59.46077534343458,79.71414857059065,-0.49824086092277375,-0.7937296900268802
0.8163265306122449,0.4571428571428571,58.580193898775626,80.59473001524961,-0.49824086092277375,-0.8627496630726957
0.8816326530612243,0.4571428571428571,57.69961245411667,81.47531145990857,-0.49824086092277375,-0.9317696361185112
0.946938775510204,0.4571428571428571,56.8190310094577,82.35589290456753,-0.49824086092277375,-1.0007896091643271
1.0122448979591836,0.4571428571428571,55.938449564798745,83.23647434922648,-0.49824086092277375,-1.0698095822101428
1.0775510204081633,0.4571428571428571,55.05786812013979,84.11705579388544,-0.49824086092277375,-1.1388295552559584
1.142857142857143,0.4571428571428571,54.17728667548082,84.99763723854441,-0.49824086092277375,-1.2078495283017745
1.2081632653061223,0.4571428571428571,53.296705230821864,85.87821868320337,-0.49824086092277375,-1.2768695013475897
1.273469387755102,0.4571428571428571,52.416123786162906,86.75880012786233,-0.49824086092277375,-1.3458894743934053
1.3387755102040817,0.4571428571428571,51.53554234150395,87.63938157252127,-0.49824086092277375,-1.414909447439221
1.404081632653061,0.4571428571428571,50.65496089684499,88.51996301718025,-0.49824086092277375,-1.4839294204850366
1.4693877551020407,0.4571428571428571,49.77437945218603,89.4005444618392,-0.49824086092277375,-1.552949393530852
1.5346938775510204,0.4571428571428571,48.89379800752707,90.28112590649818,-0.49824086092277375,-1.6219693665766681
1.6,0.4571428571428571,48.01321656286811,91.16170735115713,-0.49824086092277375,-1.6909893396224838
-1.6,0.5142857142857142,93.0476400957837,49.89914930749469,-0.5605209685381205,1.6909893396224838
-1.5346938775510204,0.5142857142857142,92.16705865112475,50.77973075215365,-0.5605209685381205,1.6219693665766681
-1.469387755102041,0.5142857142857142,91.28647720646579,51.660312196812605,-0.5605209685381205,1.5529493935308523
-1.4040816326530614,0.5142857142857142,90.40589576180682,52.54089364147157,-0.5605209685381205,1.4839294204850366
-1.3387755102040817,0.5142857142857142,89.52531431714786,53.42147508613053,-0.5605209685381205,1.414909447439221
-1.273469387755102,0.5142857142857142,88.6447328724889,54.302056530789486,-0.5605209685381205,1.3458894743934053
-1.2081632653061225,0.5142857142857142,87.76415142782994,55.18263797544845,-0.5605209685381205,1.2768695013475897
-1.142857142857143,0.5142857142857142,86.88356998317099,56.0632194201074,-0.5605209685381205,1.2078495283017745
-1.0775510204081633,0.5142857142857142,86.00298853851203,56.94380086476637,-0.5605209685381205,1.1388295552559584
-1.0122448979591836,0.5142857142857142,85.12240709385307,57.824382309425324,-0.5605209685381205,1.0698095822101428
-0.9469387755102041,0.5142857142857142,84.24182564919411,58.70496375408428,-0.5605209685381205,1.0007896091643271
-0.8816326530612246,0.5142857142857142,83.36124420453515,59.58554519874324,-0.5605209685381205,0.9317696361185116
-0.8163265306122449,0.5142857142857142,82.4806627598762,60.466126643402205,-0.5605209685381205,0.8627496630726957
-0.7510204081632653,0.5142857142857142,81.60008131521724,61.34670808806116,-0.5605209685381205,0.7937296900268802
-0.6857142857142857,0.5142857142857142,80.71949987055828,62.22728953272012,-0.5605209685381205,0.7247097169810645
-0.6204081632653062,0.5142857142857142,79.83891842589932,63.10787097737908,-0.5605209685381205,0.655689743935249
-0.5551020408163266,0.5142857142857142,78.95833698124035,63.98845242203804,-0.5605209685381205,0.5866697708894332
-0.4897959183673469,0.5142857142857142,78.07775553658139,64.86903386669701,-0.5605209685381205,0.5176497978436174
-0.4244897959183674,0.5142857142857142,77.19717409192243,65.74961531135597,-0.5605209685381205,0.44862982479780183
-0.3591836734693879,0.5142857142857142,76.31659264726348,66.63019675601493,-0.5605209685381205,0.37960985175198625
-0.2938775510204082,0.5142857142857142,75.43601120260452,67.51077820067388,-0.5605209685381205,0.31058987870617055
-0.22857142857142854,0.5142857142857142,74.55542975794555,68.39135964533284,-0.5605209685381205,0.24156990566035474
-0.16326530612244902,0.5142857142857142,73.67484831328659,69.2719410899918,-0.5605209685381205,0.17254993261453916
-0.09795918367346952,0.5142857142857142,72.79426686862763,70.15252253465076,-0.5605209685381205,0.10352995956872366
-0.03265306122448984,0.5142857142857142,71.91368542396867,71.03310397930971,-0.5605209685381205,0.03450998652290788
0.03265306122448984,0.5142857142857142,71.03310397930971,71.91368542396867,-0.5605209685381205,-0.03450998652290788
0.09795918367346952,0.5142857142857142,70.15252253465076,72.79426686862763,-0.5605209685381205,-0.10352995956872366
0.16326530612244886,0.5142857142857142,69.2719410899918,73.67484831328659,-0.5605209685381205,-0.17254993261453905
0.22857142857142854,0.5142857142857142,68.39135964533284,74.55542975794555,-0.5605209685381205,-0.24156990566035474
0.2938775510204082,0.5142857142857142,67.51077820067388,75.43601120260452,-0.5605209685381205,-0.31058987870617055
0.3591836734693875,0.5142857142857142,66.63019675601493,76.31659264726346,-0.5605209685381205,-0.3796098517519859
0.4244897959183672,0.5142857142857142,65.74961531135597,77.19717409192243,-0.5605209685381205,-0.4486298247978017
0.4897959183673469,0.5142857142857142,64.86903386669701,78.07775553658139,-0.5605209685381205,-0.5176497978436174
0.5551020408163266,0.5142857142857142,63.98845242203804,78.95833698124035,-0.5605209685381205,-0.5866697708894332
0.6204081632653062,0.5142857142857142,63.10787097737908,79.83891842589932,-0.5605209685381205,-0.655689743935249
0.6857142857142856,0.5142857142857142,62.22728953272012,80.71949987055828,-0.5605209685381205,-0.7247097169810643
0.7510204081632653,0.5142857142857142,61.34670808806116,81.60008131521724,-0.5605209685381205,-0.7937296900268802
0.8163265306122449,0.5142857142857142,60.466126643402205,82.4806627598762,-0.5605209685381205,-0.8627496630726957
0.8816326530612243,0.5142857142857142,59.58554519874325,83.36124420453515,-0.5605209685381205,-0.9317696361185112
0.946938775510204,0.5142857142857142,58.70496375408428,84.24182564919411,-0.5605209685381205,-1.0007896091643271
1.0122448979591836,0.5142857142857142,57.824382309425324,85.12240709385307,-0.5605209685381205,-1.0698095822101428
1.0775510204081633,0.5142857142857142,56.94380086476637,86.00298853851203,-0.5605209685381205,-1.1388295552559584
1.142857142857143,0.5142857142857142,56.0632194201074,86.88356998317099,-0.5605209685381205,-1.2078495283017745
1.2081632653061223,0.5142857142857142,55.18263797544845,87.76415142782994,-0.5605209685381205,-1.2768695013475897
1.273469387755102,0.5142857142857142,54.302056530789486,88.6447328724889,-0.5605209685381205,-1.3458894743934053
1.3387755102040817,0.5142857142857142,53.42147508613053,89.52531431714786,-0.5605209685381205,-1.414909447439221
1.404081632653061,0.5142857142857142,52.54089364147157,90.40589576180682,-0.5605209685381205,-1.4839294204850366
1.4693877551020407,0.5142857142857142,51.66031219681261,91.28647720646579,-0.5605209685381205,-1.552949393530852
1.5346938775510204,0.5142857142857142,50.77973075215365,92.16705865112475,-0.5605209685381205,-1.6219693665766681
1.6,0.5142857142857142,49.89914930749469,93.0476400957837,-0.5605209685381205,-1.6909893396224838
-1.6,0.5714285714285713,94.93357284041028,51.78508205212126,-0.6228010761534672,1.6909893396224838
-1.5346938775510204,0.5714285714285713,94.05299139575132,52.665663496780226,-0.6228010761534672,1.6219693665766681
-1.469387755102041,0.5714285714285713,93.17240995109236,53.546244941439184,-0.6228010761534672,1.5529493935308523
-1.4040816326530614,0.5714285714285713,92.2918285064334,54.42682638609814,-0.6228010761534672,1.4839294204850366
-1.3387755102040817,0.5714285714285713,91.41124706177445,55.30740783075711,-0.6228010761534672,1.414909447439221
-1.273469387755102,0.5714285714285713,90.53066561711549,56.187989275416065,-0.6228010761534672,1.3458894743934053
-1.2081632653061225,0.5714285714285713,89.65008417245652,57.06857072007502,-0.6228010761534672,1.2768695013475897
-1.142857142857143,0.5714285714285713,88.76950272779757,57.949152164733974,-0.6228010761534672,1.2078495283017745
-1.0775510204081633,0.5714285714285713,87.88892128313861,58.82973360939294,-0.6228010761534672,1.1388295552559584
-1.0122448979591836,0.5714285714285713,87.00833983847964,59.710315054051904,-0.6228010761534672,1.0698095822101428
-0.9469387755102041,0.5714285714285713,86.1277583938207,60.590896498710855,-0.6228010761534672,1.0007896091643271
-0.8816326530612246,0.5714285714285713,85.24717694916173,61.47147794336982,-0.6228010761534672,0.9317696361185116
-0.8163265306122449,0.5714285714285713,84.36659550450277,62.35205938802878,-0.6228010761534672,0.8627496630726957
-0.7510204081632653,0.5714285714285713,83.48601405984381,63.232640832687736,-0.6228010761534672,0.7937296900268802
-0.6857142857142857,0.5714285714285713,82.60543261518484,64.1132222773467,-0.6228010761534672,0.7247097169810645
-0.6204081632653062,0.5714285714285713,81.7248511705259,64.99380372200565,-0.6228010761534672,0.655689743935249
-0.5551020408163266,0.5714285714285713,80.84426972586692,65.87438516666461,-0.6228010761534672,0.5866697708894332
-0.4897959183673469,0.5714285714285713,79.96368828120796,66.75496661132358,-0.6228010761534672,0.5176497978436174
-0.4244897959183674,0.5714285714285713,79.083106836549,67.63554805598254,-0.6228010761534672,0.44862982479780183
-0.3591836734693879,0.5714285714285713,78.20252539189005,68.5161295006415,-0.6228010761534672,0.37960985175198625
-0.2938775510204082,0.5714285714285713,77.32194394723109,69.39671094530046,-0.6228010761534672,0.31058987870617055
-0.22857142857142854,0.5714285714285713,76.44136250257213,70.27729238995941,-0.6228010761534672,0.24156990566035474
-0.16326530612244902,0.5714285714285713,75.56078105791318,71.15787383461837,-0.6228010761534672,0.17254993261453916
-0.09795918367346952,0.5714285714285713,74.68019961325422,72.03845527927733,-0.6228010761534672,0.10352995956872366
-0.03265306122448984,0.5714285714285713,73.79961816859526,72.9190367239363,-0.6228010761534672,0.03450998652290788
0.03265306122448984,0.5714285714285713,72.9190367239363,73.79961816859526,-0.6228010761534672,-0.03450998652290788
0.09795918367346952,0.5714285714285713,72.03845527927733,74.68019961325422,-0.6228010761534672,-0.10352995956872366
0.16326530612244886,0.5714285714285713,71.15787383461837,75.56078105791318,-0.6228010761534672,-0.17254993261453905
0.22857142857142854,0.5714285714285713,70.27729238995941,76.44136250257213,-0.6228010761534672,-0.24156990566035474
0.2938775510204082,0.5714285714285713,69.39671094530046,77.32194394723109,-0.6228010761534672,-0.31058987870617055
0.3591836734693875,0.5714285714285713,68.5161295006415,78.20252539189005,-0.6228010761534672,-0.3796098517519859
0.4244897959183672,0.5714285714285713,67.63554805598254,79.083106836549,-0.6228010761534672,-0.4486298247978017
0.4897959183673469,0.5714285714285713,66.75496661132358,79.96368828120796,-0.6228010761534672,-0.5176497978436174
0.5551020408163266,0.5714285714285713,65.87438516666461,80.84426972586692,-0.6228010761534672,-0.5866697708894332
0.6204081632653062,0.5714285714285713,64.99380372200565,81.7248511705259,-0.6228010761534672,-0.655689743935249
0.6857142857142856,0.5714285714285713,64.1132222773467,82.60543261518484,-0.6228010761534672,-0.7247097169810643
0.7510204081632653,0.5714285714285713,63.232640832687736,83.48601405984381,-0.6228010761534672,-0.7937296900268802
0.8163265306122449,0.5714285714285713,62.35205938802878,84.36659550450277,-0.6228010761534672,-0.8627496630726957
0.8816326530612243,0.5714285714285713,61.47147794336982,85.24717694916173,-0.6228010761534672,-0.9317696361185112
0.946938775510204,0.5714285714285713,60.590896498710855,86.1277583938207,-0.6228010761534672,-1.0007896091643271
1.0122448979591836,0.5714285714285713,59.710315054051904,87.00833983847964,-0.6228010761534672,-1.0698095822101428
1.0775510204081633,0.5714285714285713,58.82973360939294,87.88892128313861,-0.6228010761534672,-1.1388295552559584
1.142857142857143,0.5714285714285713,57.949152164733974,88.76950272779757,-0.6228010761534672,-1.2078495283017745
1.2081632653061223,0.5714285714285713,57.06857072007502,89.65008417245652,-0.6228010761534672,-1.2768695013475897
1.273469387755102,0.5714285714285713,56.187989275416065,90.53066561711549,-0.6228010761534672,-1.3458894743934053
1.3387755102040817,0.5714285714285713,55.30740783075711,91.41124706177445,-0.6228010761534672,-1.414909447439221
1.404081632653061,0.5714285714285713,54.42682638609814,92.2918285064334,-0.6228010761534672,-1.4839294204850366
1.4693877551020407,0.5714285714285713,53.546244941439184,93.17240995109236,-0.6228010761534672,-1.552949393530852
1.5346938775510204,0.5714285714285713,52.665663496780226,94.05299139575132,-0.6228010761534672,-1.6219693665766681
1.6,0.5714285714285713,51.78508205212126,94.93357284041028,-0.6228010761534672,-1.6909893396224838
-1.6,0.6285714285714284,96.81950558503686,53.67101479674784,-0.6850811837688139,1.6909893396224838
-1.5346938775510204,0.6285714285714284,95.9389241403779,54.5515962414068,-0.6850811837688139,1.6219693665766681
-1.469387755102041,0.6285714285714284,95.05834269571893,55.43217768606576,-0.6850811837688139,1.5529493935308523
-1.4040816326530614,0.6285714285714284,94.17776125105998,56.31275913072472,-0.6850811837688139,1.4839294204850366
-1.3387755102040817,0.6285714285714284,93.29717980640102,57.19334057538368,-0.6850811837688139,1.414909447439221
-1.273469387755102,0.6285714285714284,92.41659836174206,58.07392202004264,-0.6850811837688139,1.3458894743934053
-1.2081632653061225,0.6285714285714284,91.53601691708309,58.9545034647016,-0.6850811837688139,1.2768695013475897
-1.142857142857143,0.6285714285714284,90.65543547242413,59.83508490936055,-0.6850811837688139,1.2078495283017745
-1.0775510204081633,0.6285714285714284,89.77485402776517,60.71566635401952,-0.6850811837688139,1.1388295552559584
-1.0122448979591836,0.6285714285714284,88.89427258310621,61.596247798678476,-0.6850811837688139,1.0698095822101428
-0.9469387755102041,0.6285714285714284,88.01369113844726,62.476829243337434,-0.6850811837688139,1.0007896091643271
-0.8816326530612246,0.6285714285714284,87.1331096937883,63.35741068799639,-0.6850811837688139,0.9317696361185116
-0.8163265306122449,0.6285714285714284,86.25252824912934,64.23799213265536,-0.6850811837688139,0.8627496630726957
-0.7510204081632653,0.6285714285714284,85.37194680447038,65.11857357731431,-0.6850811837688139,0.7937296900268802
-0.6857142857142857,0.6285714285714284,84.49136535981143,65.99915502197328,-0.6850811837688139,0.7247097169810645
-0.6204081632653062,0.6285714285714284,83.61078391515247,66.87973646663222,-0.6850811837688139,0.655689743935249
-0.5551020408163266,0.6285714285714284,82.73020247049351,67.7603179112912,-0.6850811837688139,0.5866697708894332
-0.4897959183673469,0.6285714285714284,81.84962102583455,68.64089935595015,-0.6850811837688139,0.5176497978436174
-0.4244897959183674,0.6285714285714284,80.9690395811756,69.52148080060911,-0.6850811837688139,0.44862982479780183
-0.3591836734693879,0.6285714285714284,80.08845813651662,70.40206224526807,-0.6850811837688139,0.37960985175198625
-0.2938775510204082,0.6285714285714284,79.20787669185766,71.28264368992703,-0.6850811837688139,0.31058987870617055
-0.22857142857142854,0.6285714285714284,78.3272952471987,72.16322513458599,-0.6850811837688139,0.24156990566035474
-0.16326530612244902,0.6285714285714284,77.44671380253975,73.04380657924494,-0.6850811837688139,0.17254993261453916
-0.09795918367346952,0.6285714285714284,76.56613235788079,73.9243880239039,-0.6850811837688139,0.10352995956872366
-0.03265306122448984,0.6285714285714284,75.68555091322183,74.80496946856286,-0.6850811837688139,0.03450998652290788
0.03265306122448984,0.6285714285714284,74.80496946856286,75.68555091322183,-0.6850811837688139,-0.03450998652290788
0.09795918367346952,0.6285714285714284,73.9243880239039,76.56613235788079,-0.6850811837688139,-0.10352995956872366
0.16326530612244886,0.6285714285714284,73.04380657924494,77.44671380253975,-0.6850811837688139,-0.17254993261453905
0.22857142857142854,0.6285714285714284,72.16322513458599,78.3272952471987,-0.6850811837688139,-0.24156990566035474
0.2938775510204082,0.6285714285714284,71.28264368992703,79.20787669185766,-0.6850811837688139,-0.31058987870617055
0.3591836734693875,0.6285714285714284,70.40206224526807,80.08845813651662,-0.6850811837688139,-0.3796098517519859
0.4244897959183672,0.6285714285714284,69.52148080060911,80.96903958117558,-0.6850811837688139,-0.4486298247978017
0.4897959183673469,0.6285714285714284,68.64089935595015,81.84962102583455,-0.6850811837688139,-0.5176497978436174
0.5551020408163266,0.6285714285714284,67.7603179112912,82.73020247049351,-0.6850811837688139,-0.5866697708894332
0.6204081632653062,0.6285714285714284,66.87973646663222,83.61078391515247,-0.6850811837688139,-0.655689743935249
0.6857142857142856,0.6285714285714284,65.99915502197328,84.49136535981143,-0.6850811837688139,-0.7247097169810643
0.7510204081632653,0.6285714285714284,65.11857357731431,85.37194680447038,-0.6850811837688139,-0.7937296900268802
0.8163265306122449,0.6285714285714284,64.23799213265536,86.25252824912934,-0.6850811837688139,-0.8627496630726957
0.8816326530612243,0.6285714285714284,63.3574106879964,87.1331096937883,-0.6850811837688139,-0.9317696361185112
0.946938775510204,0.6285714285714284,62.476829243337434,88.01369113844726,-0.6850811837688139,-1.0007896091643271
1.0122448979591836,0.6285714285714284,61.596247798678476,88.89427258310621,-0.6850811837688139,-1.0698095822101428
1.0775510204081633,0.6285714285714284,60.71566635401952,89.77485402776517,-0.6850811837688139,-1.1388295552559584
1.142857142857143,0.6285714285714284,59.83508490936055,90.65543547242413,-0.6850811837688139,-1.2078495283017745
1.2081632653061223,0.6285714285714284,58.9545034647016,91.53601691708309,-0.6850811837688139,-1.2768695013475897
1.273469387755102,0.6285714285714284,58.07392202004264,92.41659836174206,-0.6850811837688139,-1.3458894743934053
1.3387755102040817,0.6285714285714284,57.19334057538368,93.29717980640102,-0.6850811837688139,-1.414909447439221
1.404081632653061,0.6285714285714284,56.31275913072472,94.17776125105998,-0.6850811837688139,-1.4839294204850366
1.4693877551020407,0.6285714285714284,55.432177686065764,95.05834269571893,-0.6850811837688139,-1.552949393530852
1.5346938775510204,0.6285714285714284,54.5515962414068,95.9389241403779,-0.6850811837688139,-1.6219693665766681
1.6,0.6285714285714284,53.67101479674784,96.81950558503686,-0.6850811837688139,-1.6909893396224838
-1.6,0.6857142857142856,98.70543832966344,55.55694754137441,-0.7473612913841606,1.6909893396224838
-1.5346938775510204,0.6857142857142856,97.82485688500446,56.43752898603337,-0.7473612913841606,1.6219693665766681
-1.469387755102041,0.6857142857142856,96.9442754403455,57.318110430692336,-0.7473612913841606,1.5529493935308523
-1.4040816326530614,0.6857142857142856,96.06369399568655,58.198691875351294,-0.7473612913841606,1.4839294204850366
-1.3387755102040817,0.6857142857142856,95.18311255102759,59.07927332001026,-0.7473612913841606,1.414909447439221
-1.273469387755102,0.6857142857142856,94.30253110636863,59.95985476466922,-0.7473612913841606,1.3458894743934053
-1.2081632653061225,0.6857142857142856,93.42194966170968,60.840436209328175,-0.7473612913841606,1.2768695013475897
-1.142857142857143,0.6857142857142856,92.54136821705072,61.721017653987126,-0.7473612913841606,1.2078495283017745
-1.0775510204081633,0.6857142857142856,91.66078677239176,62.60159909864609,-0.7473612913841606,1.1388295552559584
-1.0122448979591836,0.6857142857142856,90.7802053277328,63.482180543305056,-0.7473612913841606,1.0698095822101428
-0.9469387755102041,0.6857142857142856,89.89962388307384,64.362761987964,-0.7473612913841606,1.0007896091643271
-0.8816326530612246,0.6857142857142856,89.01904243841489,65.24334343262296,-0.7473612913841606,0.9317696361185116
-0.8163265306122449,0.6857142857142856,88.13846099375593,66.12392487728194,-0.7473612913841606,0.8627496630726957
-0.7510204081632653,0.6857142857142856,87.25787954909697,67.00450632194088,-0.7473612913841606,0.7937296900268802
-0.6857142857142857,0.6857142857142856,86.377298104438,67.88508776659985,-0.7473612913841606,0.7247097169810645
-0.6204081632653062,0.6857142857142856,85.49671665977904,68.76566921125881,-0.7473612913841606,0.655689743935249
-0.5551020408163266,0.6857142857142856,84.61613521512008,69.64625065591777,-0.7473612913841606,0.5866697708894332
-0.4897959183673469,0.6857142857142856,83.73555377046112,70.52683210057673,-0.7473612913841606,0.5176497978436174
-0.4244897959183674,0.6857142857142856,82.85497232580217,71.40741354523568,-0.7473612913841606,0.44862982479780183
-0.3591836734693879,0.6857142857142856,81.9743908811432,72.28799498989464,-0.7473612913841606,0.37960985175198625
-0.2938775510204082,0.6857142857142856,81.09380943648424,73.16857643455361,-0.7473612913841606,0.31058987870617055
-0.22857142857142854,0.6857142857142856,80.21322799182528,74.04915787921257,-0.7473612913841606,0.24156990566035474
-0.16326530612244902,0.6857142857142856,79.33264654716632,74.92973932387153,-0.7473612913841606,0.17254993261453916
-0.09795918367346952,0.6857142857142856,78.45206510250736,75.81032076853049,-0.7473612913841606,0.10352995956872366
-0.03265306122448984,0.6857142857142856,77.5714836578484,76.69090221318945,-0.7473612913841606,0.03450998652290788
0.03265306122448984,0.6857142857142856,76.69090221318945,77.5714836578484,-0.7473612913841606,-0.03450998652290788
0.09795918367346952,0.6857142857142856,75.81032076853049,78.45206510250736,-0.7473612913841606,-0.10352995956872366
0.16326530612244886,0.6857142857142856,74.92973932387153,79.33264654716632,-0.7473612913841606,-0.17254993261453905
0.22857142857142854,0.6857142857142856,74.04915787921257,80.21322799182528,-0.7473612913841606,-0.24156990566035474
0.2938775510204082,0.6857142857142856,73.16857643455361,81.09380943648424,-0.7473612913841606,-0.31058987870617055
0.3591836734693875,0.6857142857142856,72.28799498989466,81.9743908811432,-0.7473612913841606,-0.3796098517519859
0.4244897959183672,0.6857142857142856,71.4074135452357,82.85497232580215,-0.7473612913841606,-0.4486298247978017
0.4897959183673469,0.6857142857142856,70.52683210057673,83.73555377046112,-0.7473612913841606,-0.5176497978436174
0.5551020408163266,0.6857142857142856,69.64625065591777,84.61613521512008,-0.7473612913841606,-0.5866697708894332
0.6204081632653062,0.6857142857142856,68.76566921125881,85.49671665977904,-0.7473612913841606,-0.655689743935249
0.6857142857142856,0.6857142857142856,67.88508776659985,86.377298104438,-0.7473612913841606,-0.7247097169810643
0.7510204081632653,0.6857142857142856,67.00450632194088,87.25787954909697,-0.7473612913841606,-0.7937296900268802
0.8163265306122449,0.6857142857142856,66.12392487728194,88.13846099375593,-0.7473612913841606,-0.8627496630726957
0.8816326530612243,0.6857142857142856,65.24334343262298,89.01904243841487,-0.7473612913841606,-0.9317696361185112
0.946938775510204,0.6857142857142856,64.362761987964,89.89962388307384,-0.7473612913841606,-1.0007896091643271
1.0122448979591836,0.6857142857142856,63.482180543305056,90.7802053277328,-0.7473612913841606,-1.0698095822101428
1.0775510204081633,0.6857142857142856,62.60159909864609,91.66078677239176,-0.7473612913841606,-1.1388295552559584
1.142857142857143,0.6857142857142856,61.721017653987126,92.54136821705072,-0.7473612913841606,-1.2078495283017745
1.2081632653061223,0.6857142857142856,60.840436209328175,93.42194966170968,-0.7473612913841606,-1.2768695013475897
1.273469387755102,0.6857142857142856,59.95985476466922,94.30253110636863,-0.7473612913841606,-1.3458894743934053
1.3387755102040817,0.6857142857142856,59.07927332001026,95.18311255102759,-0.7473612913841606,-1.414909447439221
1.404081632653061,0.6857142857142856,58.198691875351294,96.06369399568655,-0.7473612913841606,-1.4839294204850366
1.4693877551020407,0.6857142857142856,57.318110430692336,96.9442754403455,-0.7473612913841606,-1.552949393530852
1.5346938775510204,0.6857142857142856,56.43752898603337,97.82485688500446,-0.7473612913841606,-1.6219693665766681
1.6,0.6857142857142856,55.55694754137441,98.70543832966344,-0.7473612913841606,-1.6909893396224838
-1.6,0.7428571428571428,100.59137107429001,57.44288028600099,-0.8096413989995075,1.6909893396224838
-1.5346938775510204,0.7428571428571428,99.71078962963105,58.32346173065996,-0.8096413989995075,1.6219693665766681
-1.469387755102041,0.7428571428571428,98.8302081849721,59.204043175318915,-0.8096413989995075,1.5529493935308523
-1.4040816326530614,0.7428571428571428,97.94962674031314,60.08462461997788,-0.8096413989995075,1.4839294204850366
-1.3387755102040817,0.7428571428571428,97.06904529565418,60.96520606463684,-0.8096413989995075,1.414909447439221
-1.273469387755102,0.7428571428571428,96.18846385099522,61.845787509295796,-0.8096413989995075,1.3458894743934053
-1.2081632653061225,0.7428571428571428,95.30788240633626,62.726368953954754,-0.8096413989995075,1.2768695013475897
-1.142857142857143,0.7428571428571428,94.4273009616773,63.60695039861371,-0.8096413989995075,1.2078495283017745
-1.0775510204081633,0.7428571428571428,93.54671951701835,64.48753184327268,-0.8096413989995075,1.1388295552559584
-1.0122448979591836,0.7428571428571428,92.66613807235939,65.36811328793164,-0.8096413989995075,1.0698095822101428
-0.9469387755102041,0.7428571428571428,91.78555662770043,66.2486947325906,-0.8096413989995075,1.0007896091643271
-0.8816326530612246,0.7428571428571428,90.90497518304147,67.12927617724955,-0.8096413989995075,0.9317696361185116
-0.8163265306122449,0.7428571428571428,90.02439373838249,68.00985762190851,-0.8096413989995075,0.8627496630726957
-0.7510204081632653,0.7428571428571428,89.14381229372354,68.89043906656747,-0.8096413989995075,0.7937296900268802
-0.6857142857142857,0.7428571428571428,88.26323084906458,69.77102051122642,-0.8096413989995075,0.7247097169810645
-0.6204081632653062,0.7428571428571428,87.38264940440563,70.65160195588538,-0.8096413989995075,0.655689743935249
-0.5551020408163266,0.7428571428571428,86.50206795974667,71.53218340054435,-0.8096413989995075,0.5866697708894332
-0.4897959183673469,0.7428571428571428,85.6214865150877,72.41276484520331,-0.8096413989995075,0.5176497978436174
-0.4244897959183674,0.7428571428571428,84.74090507042874,73.29334628986227,-0.8096413989995075,0.44862982479780183
-0.3591836734693879,0.7428571428571428,83.86032362576978,74.17392773452123,-0.8096413989995075,0.37960985175198625
-0.2938775510204082,0.7428571428571428,82.97974218111082,75.05450917918019,-0.8096413989995075,0.31058987870617055
-0.22857142857142854,0.7428571428571428,82.09916073645186,75.93509062383916,-0.8096413989995075,0.24156990566035474
-0.16326530612244902,0.7428571428571428,81.2185792917929,76.81567206849812,-0.8096413989995075,0.17254993261453916
-0.09795918367346952,0.7428571428571428,80.33799784713395,77.69625351315706,-0.8096413989995075,0.10352995956872366
-0.03265306122448984,0.7428571428571428,79.45741640247499,78.57683495781603,-0.8096413989995075,0.03450998652290788
0.03265306122448984,0.7428571428571428,78.57683495781603,79.45741640247499,-0.8096413989995075,-0.03450998652290788
0.09795918367346952,0.7428571428571428,77.69625351315706,80.33799784713395,-0.8096413989995075,-0.10352995956872366
0.16326530612244886,0.7428571428571428,76.81567206849812,81.2185792917929,-0.8096413989995075,-0.17254993261453905
0.22857142857142854,0.7428571428571428,75.93509062383916,82.09916073645186,-0.8096413989995075,-0.24156990566035474
0.2938775510204082,0.7428571428571428,75.05450917918019,82.97974218111082,-0.8096413989995075,-0.31058987870617055
0.3591836734693875,0.7428571428571428,74.17392773452123,83.86032362576978,-0.8096413989995075,-0.3796098517519859
0.4244897959183672,0.7428571428571428,73.29334628986227,84.74090507042874,-0.8096413989995075,-0.4486298247978017
0.4897959183673469,0.7428571428571428,72.41276484520331,85.6214865150877,-0.8096413989995075,-0.5176497978436174
0.5551020408163266,0.7428571428571428,71.53218340054435,86.50206795974667,-0.8096413989995075,-0.5866697708894332
0.6204081632653062,0.7428571428571428,70.65160195588538,87.38264940440563,-0.8096413989995075,-0.655689743935249
0.6857142857142856,0.7428571428571428,69.77102051122642,88.26323084906458,-0.8096413989995075,-0.7247097169810643
0.7510204081632653,0.7428571428571428,68.89043906656747,89.14381229372354,-0.8096413989995075,-0.7937296900268802
0.8163265306122449,0.7428571428571428,68.00985762190851,90.02439373838249,-0.8096413989995075,-0.8627496630726957
0.8816326530612243,0.7428571428571428,67.12927617724955,90.90497518304146,-0.8096413989995075,-0.9317696361185112
0.946938775510204,0.7428571428571428,66.2486947325906,91.78555662770043,-0.8096413989995075,-1.0007896091643271
1.0122448979591836,0.7428571428571428,65.36811328793164,92.66613807235939,-0.8096413989995075,-1.0698095822101428
1.0775510204081633,0.7428571428571428,64.48753184327268,93.54671951701835,-0.8096413989995075,-1.1388295552559584
1.142857142857143,0.7428571428571428,63.60695039861371,94.4273009616773,-0.8096413989995075,-1.2078495283017745
1.2081632653061223,0.7428571428571428,62.726368953954754,95.30788240633626,-0.8096413989995075,-1.2768695013475897
1.273469387755102,0.7428571428571428,61.845787509295796,96.18846385099522,-0.8096413989995075,-1.3458894743934053
1.3387755102040817,0.7428571428571428,60.96520606463684,97.06904529565418,-0.8096413989995075,-1.414909447439221
1.404081632653061,0.7428571428571428,60.08462461997788,97.94962674031314,-0.8096413989995075,-1.4839294204850366
1.4693877551020407,0.7428571428571428,59.20404317531892,98.8302081849721,-0.8096413989995075,-1.552949393530852
1.5346938775510204,0.7428571428571428,58.32346173065996,99.71078962963105,-0.8096413989995075,-1.6219693665766681
1.6,0.7428571428571428,57.44288028600099,100.59137107429001,-0.8096413989995075,-1.6909893396224838
-1.6,0.7999999999999998,102.4773038189166,59.32881303062757,-0.8719215066148541,1.6909893396224838
-1.5346938775510204,0.7999999999999998,101.59672237425764,60.20939447528653,-0.8719215066148541,1.6219693665766681
-1.469387755102041,0.7999999999999998,100.71614092959868,61.089975919945495,-0.8719215066148541,1.5529493935308523
-1.4040816326530614,0.7999999999999998,99.83555948493971,61.97055736460445,-0.8719215066148541,1.4839294204850366
-1.3387755102040817,0.7999999999999998,98.95497804028075,62.85113880926342,-0.8719215066148541,1.414909447439221
-1.273469387755102,0.7999999999999998,98.07439659562179,63.731720253922376,-0.8719215066148541,1.3458894743934053
-1.2081632653061225,0.7999999999999998,97.19381515096283,64.61230169858133,-0.8719215066148541,1.2768695013475897
-1.142857142857143,0.7999999999999998,96.31323370630389,65.49288314324029,-0.8719215066148541,1.2078495283017745
-1.0775510204081633,0.7999999999999998,95.4326522616449,66.37346458789925,-0.8719215066148541,1.1388295552559584
-1.0122448979591836,0.7999999999999998,94.55207081698595,67.25404603255821,-0.8719215066148541,1.0698095822101428
-0.9469387755102041,0.7999999999999998,93.671489372327,68.13462747721717,-0.8719215066148541,1.0007896091643271
-0.8816326530612246,0.7999999999999998,92.79090792766803,69.01520892187612,-0.8719215066148541,0.9317696361185116
-0.8163265306122449,0.7999999999999998,91.91032648300907,69.8957903665351,-0.8719215066148541,0.8627496630726957
-0.7510204081632653,0.7999999999999998,91.02974503835011,70.77637181119405,-0.8719215066148541,0.7937296900268802
-0.6857142857142857,0.7999999999999998,90.14916359369116,71.65695325585301,-0.8719215066148541,0.7247097169810645
-0.6204081632653062,0.7999999999999998,89.2685821490322,72.53753470051197,-0.8719215066148541,0.655689743935249
-0.5551020408163266,0.7999999999999998,88.38800070437324,73.41811614517093,-0.8719215066148541,0.5866697708894332
-0.4897959183673469,0.7999999999999998,87.50741925971428,74.29869758982989,-0.8719215066148541,0.5176497978436174
-0.4244897959183674,0.7999999999999998,86.62683781505532,75.17927903448884,-0.8719215066148541,0.44862982479780183
-0.3591836734693879,0.7999999999999998,85.74625637039637,76.0598604791478,-0.8719215066148541,0.37960985175198625
-0.2938775510204082,0.7999999999999998,84.8656749257374,76.94044192380676,-0.8719215066148541,0.31058987870617055
-0.22857142857142854,0.7999999999999998,83.98509348107844,77.82102336846573,-0.8719215066148541,0.24156990566035474
-0.16326530612244902,0.7999999999999998,83.10451203641948,78.70160481312469,-0.8719215066148541,0.17254993261453916
-0.09795918367346952,0.7999999999999998,82.22393059176052,79.58218625778363,-0.8719215066148541,0.10352995956872366
-0.03265306122448984,0.7999999999999998,81.34334914710156,80.4627677024426,-0.8719215066148541,0.03450998652290788
0.03265306122448984,0.7999999999999998,80.4627677024426,81.34334914710156,-0.8719215066148541,-0.03450998652290788
0.09795918367346952,0.7999999999999998,79.58218625778363,82.22393059176052,-0.8719215066148541,-0.10352995956872366
0.16326530612244886,0.7999999999999998,78.70160481312469,83.10451203641948,-0.8719215066148541,-0.17254993261453905
0.22857142857142854,0.7999999999999998,77.82102336846573,83.98509348107844,-0.8719215066148541,-0.24156990566035474
0.2938775510204082,0.7999999999999998,76.94044192380676,84.8656749257374,-0.8719215066148541,-0.31058987870617055
0.3591836734693875,0.7999999999999998,76.0598604791478,85.74625637039635,-0.8719215066148541,-0.3796098517519859
0.4244897959183672,0.7999999999999998,75.17927903448884,86.62683781505532,-0.8719215066148541,-0.4486298247978017
0.4897959183673469,0.7999999999999998,74.29869758982989,87.50741925971428,-0.8719215066148541,-0.5176497978436174
0.5551020408163266,0.7999999999999998,73.41811614517093,88.38800070437324,-0.8719215066148541,-0.5866697708894332
0.6204081632653062,0.7999999999999998,72.53753470051197,89.2685821490322,-0.8719215066148541,-0.655689743935249
0.6857142857142856,0.7999999999999998,71.65695325585301,90.14916359369116,-0.8719215066148541,-0.7247097169810643
0.7510204081632653,0.7999999999999998,70.77637181119405,91.02974503835011,-0.8719215066148541,-0.7937296900268802
0.8163265306122449,0.7999999999999998,69.8957903665351,91.91032648300907,-0.8719215066148541,-0.8627496630726957
0.8816326530612243,0.7999999999999998,69.01520892187614,92.79090792766803,-0.8719215066148541,-0.9317696361185112
0.946938775510204,0.7999999999999998,68.13462747721717,93.671489372327,-0.8719215066148541,-1.0007896091643271
1.0122448979591836,0.7999999999999998,67.25404603255821,94.55207081698595,-0.8719215066148541,-1.0698095822101428
1.0775510204081633,0.7999999999999998,66.37346458789925,95.4326522616449,-0.8719215066148541,-1.1388295552559584
1.142857142857143,0.7999999999999998,65.49288314324029,96.31323370630389,-0.8719215066148541,-1.2078495283017745
1.2081632653061223,0.7999999999999998,64.61230169858133,97.19381515096283,-0.8719215066148541,-1.2768695013475897
1.273469387755102,0.7999999999999998,63.731720253922376,98.07439659562179,-0.8719215066148541,-1.3458894743934053
1.3387755102040817,0.7999999999999998,62.85113880926342,98.95497804028075,-0.8719215066148541,-1.414909447439221
1.404081632653061,0.7999999999999998,61.97055736460445,99.83555948493971,-0.8719215066148541,-1.4839294204850366
1.4693877551020407,0.7999999999999998,61.089975919945495,100.71614092959867,-0.8719215066148541,-1.552949393530852
1.5346938775510204,0.7999999999999998,60.20939447528653,101.59672237425764,-0.8719215066148541,-1.6219693665766681
1.6,0.7999999999999998,59.32881303062757,102.4773038189166,-0.8719215066148541,-1.6909893396224838
-1.6,0.857142857142857,104.36323656354318,61.21474577525415,-0.9342016142302009,1.6909893396224838
-1.5346938775510204,0.857142857142857,103.48265511888421,62.09532721991311,-0.9342016142302009,1.6219693665766681
-1.469387755102041,0.857142857142857,102.60207367422525,62.975908664572074,-0.9342016142302009,1.5529493935308523
-1.4040816326530614,0.857142857142857,101.72149222956628,63.85649010923103,-0.9342016142302009,1.4839294204850366
-1.3387755102040817,0.857142857142857,100.84091078490732,64.73707155388999,-0.9342016142302009,1.414909447439221
-1.273469387755102,0.857142857142857,99.96032934024836,65.61765299854895,-0.9342016142302009,1.3458894743934053
-1.2081632653061225,0.857142857142857,99.0797478955894,66.4982344432079,-0.9342016142302009,1.2768695013475897
-1.142857142857143,0.857142857142857,98.19916645093045,67.37881588786686,-0.9342016142302009,1.2078495283017745
-1.0775510204081633,0.857142857142857,97.31858500627149,68.25939733252582,-0.9342016142302009,1.1388295552559584
-1.0122448979591836,0.857142857142857,96.43800356161253,69.1399787771848,-0.9342016142302009,1.0698095822101428
-0.9469387755102041,0.857142857142857,95.55742211695357,70.02056022184374,-0.9342016142302009,1.0007896091643271
-0.8816326530612246,0.857142857142857,94.67684067229462,70.90114166650271,-0.9342016142302009,0.9317696361185116
-0.8163265306122449,0.857142857142857,93.79625922763566,71.78172311116167,-0.9342016142302009,0.8627496630726957
-0.7510204081632653,0.857142857142857,92.9156777829767,72.66230455582063,-0.9342016142302009,0.7937296900268802
-0.6857142857142857,0.857142857142857,92.03509633831774,73.54288600047958,-0.9342016142302009,0.7247097169810645
-0.6204081632653062,0.857142857142857,91.15451489365879,74.42346744513854,-0.9342016142302009,0.655689743935249
-0.5551020408163266,0.857142857142857,90.27393344899983,75.30404888979751,-0.9342016142302009,0.5866697708894332
-0.4897959183673469,0.857142857142857,89.39335200434085,76.18463033445647,-0.9342016142302009,0.5176497978436174
-0.4244897959183674,0.857142857142857,88.5127705596819,77.06521177911543,-0.9342016142302009,0.44862982479780183
-0.3591836734693879,0.857142857142857,87.63218911502294,77.94579322377439,-0.9342016142302009,0.37960985175198625
-0.2938775510204082,0.857142857142857,86.75160767036398,78.82637466843335,-0.9342016142302009,0.31058987870617055
-0.22857142857142854,0.857142857142857,85.87102622570502,79.7069561130923,-0.9342016142302009,0.24156990566035474
-0.16326530612244902,0.857142857142857,84.99044478104605,80.58753755775126,-0.9342016142302009,0.17254993261453916
-0.09795918367346952,0.857142857142857,84.10986333638711,81.46811900241022,-0.9342016142302009,0.10352995956872366
-0.03265306122448984,0.857142857142857,83.22928189172814,82.34870044706918,-0.9342016142302009,0.03450998652290788
0.03265306122448984,0.857142857142857,82.34870044706918,83.22928189172814,-0.9342016142302009,-0.03450998652290788
0.09795918367346952,0.857142857142857,81.46811900241022,84.10986333638711,-0.9342016142302009,-0.10352995956872366
0.16326530612244886,0.857142857142857,80.58753755775126,84.99044478104605,-0.9342016142302009,-0.17254993261453905
0.22857142857142854,0.857142857142857,79.7069561130923,85.87102622570502,-0.9342016142302009,-0.24156990566035474
0.2938775510204082,0.857142857142857,78.82637466843335,86.75160767036398,-0.9342016142302009,-0.31058987870617055
0.3591836734693875,0.857142857142857,77.94579322377439,87.63218911502292,-0.9342016142302009,-0.3796098517519859
0.4244897959183672,0.857142857142857,77.06521177911543,88.5127705596819,-0.9342016142302009,-0.4486298247978017
0.4897959183673469,0.857142857142857,76.18463033445647,89.39335200434085,-0.9342016142302009,-0.5176497978436174
0.5551020408163266,0.857142857142857,75.30404888979751,90.27393344899983,-0.9342016142302009,-0.5866697708894332
0.6204081632653062,0.857142857142857,74.42346744513854,91.15451489365879,-0.9342016142302009,-0.655689743935249
0.6857142857142856,0.857142857142857,73.54288600047958,92.03509633831774,-0.9342016142302009,-0.7247097169810643
0.7510204081632653,0.857142857142857,72.66230455582063,92.9156777829767,-0.9342016142302009,-0.7937296900268802
0.8163265306122449,0.857142857142857,71.78172311116167,93.79625922763566,-0.9342016142302009,-0.8627496630726957
0.8816326530612243,0.857142857142857,70.90114166650271,94.67684067229462,-0.9342016142302009,-0.9317696361185112
0.946938775510204,0.857142857142857,70.02056022184374,95.55742211695357,-0.9342016142302009,-1.0007896091643271
1.0122448979591836,0.857142857142857,69.1399787771848,96.43800356161253,-0.9342016142302009,-1.0698095822101428
1.0775510204081633,0.857142857142857,68.25939733252582,97.31858500627149,-0.9342016142302009,-1.1388295552559584
1.142857142857143,0.857142857142857,67.37881588786686,98.19916645093045,-0.9342016142302009,-1.2078495283017745
1.2081632653061223,0.857142857142857,66.4982344432079,99.0797478955894,-0.9342016142302009,-1.2768695013475897
1.273469387755102,0.857142857142857,65.61765299854895,99.96032934024836,-0.9342016142302009,-1.3458894743934053
1.3387755102040817,0.857142857142857,64.73707155388999,100.84091078490732,-0.9342016142302009,-1.414909447439221
1.404081632653061,0.857142857142857,63.85649010923103,101.72149222956628,-0.9342016142302009,-1.4839294204850366
1.4693877551020407,0.857142857142857,62.975908664572074,102.60207367422524,-0.9342016142302009,-1.552949393530852
1.5346938775510204,0.857142857142857,62.09532721991311,103.48265511888421,-0.9342016142302009,-1.6219693665766681
1.6,0.857142857142857,61.21474577525415,104.36323656354318,-0.9342016142302009,-1.6909893396224838
-1.6,0.9142857142857141,106.24916930816974,63.100678519880724,-0.9964817218455475,1.6909893396224838
-1.5346938775510204,0.9142857142857141,105.36858786351078,63.98125996453968,-0.9964817218455475,1.6219693665766681
-1.469387755102041,0.9142857142857141,104.48800641885182,64.86184140919865,-0.9964817218455475,1.5529493935308523
-1.4040816326530614,0.9142857142857141,103.60742497419287,65.7424228538576,-0.9964817218455475,1.4839294204850366
-1.3387755102040817,0.9142857142857141,102.72684352953391,66.62300429851656,-0.9964817218455475,1.414909447439221
-1.273469387755102,0.9142857142857141,101.84626208487495,67.50358574317552,-0.9964817218455475,1.3458894743934053
-1.2081632653061225,0.9142857142857141,100.965680640216,68.38416718783448,-0.9964817218455475,1.2768695013475897
-1.142857142857143,0.9142857142857141,100.08509919555704,69.26474863249344,-0.9964817218455475,1.2078495283017745
-1.0775510204081633,0.9142857142857141,99.20451775089806,70.14533007715241,-0.9964817218455475,1.1388295552559584
-1.0122448979591836,0.9142857142857141,98.3239363062391,71.02591152181137,-0.9964817218455475,1.0698095822101428
-0.9469387755102041,0.9142857142857141,97.44335486158015,71.90649296647032,-0.9964817218455475,1.0007896091643271
-0.8816326530612246,0.9142857142857141,96.56277341692119,72.78707441112928,-0.9964817218455475,0.9317696361185116
-0.8163265306122449,0.9142857142857141,95.68219197226222,73.66765585578824,-0.9964817218455475,0.8627496630726957
-0.7510204081632653,0.9142857142857141,94.80161052760326,74.5482373004472,-0.9964817218455475,0.7937296900268802
-0.6857142857142857,0.9142857142857141,93.9210290829443,75.42881874510616,-0.9964817218455475,0.7247097169810645
-0.6204081632653062,0.9142857142857141,93.04044763828534,76.30940018976511,-0.9964817218455475,0.655689743935249
-0.5551020408163266,0.9142857142857141,92.15986619362639,77.18998163442407,-0.9964817218455475,0.5866697708894332
-0.4897959183673469,0.9142857142857141,91.27928474896743,78.07056307908303,-0.9964817218455475,0.5176497978436174
-0.4244897959183674,0.9142857142857141,90.39870330430847,78.95114452374199,-0.9964817218455475,0.44862982479780183
-0.3591836734693879,0.9142857142857141,89.51812185964951,79.83172596840096,-0.9964817218455475,0.37960985175198625
-0.2938775510204082,0.9142857142857141,88.63754041499055,80.71230741305992,-0.9964817218455475,0.31058987870617055
-0.22857142857142854,0.9142857142857141,87.7569589703316,81.59288885771888,-0.9964817218455475,0.24156990566035474
-0.16326530612244902,0.9142857142857141,86.87637752567264,82.47347030237783,-0.9964817218455475,0.17254993261453916
-0.09795918367346952,0.9142857142857141,85.99579608101368,83.35405174703679,-0.9964817218455475,0.10352995956872366
-0.03265306122448984,0.9142857142857141,85.11521463635472,84.23463319169575,-0.9964817218455475,0.03450998652290788
0.03265306122448984,0.9142857142857141,84.23463319169575,85.11521463635472,-0.9964817218455475,-0.03450998652290788
0.09795918367346952,0.9142857142857141,83.35405174703679,85.99579608101368,-0.9964817218455475,-0.10352995956872366
0.16326530612244886,0.9142857142857141,82.47347030237783,86.87637752567264,-0.9964817218455475,-0.17254993261453905
0.22857142857142854,0.9142857142857141,81.59288885771888,87.7569589703316,-0.9964817218455475,-0.24156990566035474
0.2938775510204082,0.9142857142857141,80.71230741305992,88.63754041499055,-0.9964817218455475,-0.31058987870617055
0.3591836734693875,0.9142857142857141,79.83172596840096,89.51812185964951,-0.9964817218455475,-0.3796098517519859
0.4244897959183672,0.9142857142857141,78.951144523742,90.39870330430847,-0.9964817218455475,-0.4486298247978017
0.4897959183673469,0.9142857142857141,78.07056307908303,91.27928474896743,-0.9964817218455475,-0.5176497978436174
0.5551020408163266,0.9142857142857141,77.18998163442407,92.15986619362639,-0.9964817218455475,-0.5866697708894332
0.6204081632653062,0.9142857142857141,76.30940018976511,93.04044763828534,-0.9964817218455475,-0.655689743935249
0.6857142857142856,0.9142857142857141,75.42881874510616,93.9210290829443,-0.9964817218455475,-0.7247097169810643
0.7510204081632653,0.9142857142857141,74.5482373004472,94.80161052760326,-0.9964817218455475,-0.7937296900268802
0.8163265306122449,0.9142857142857141,73.66765585578824,95.68219197226222,-0.9964817218455475,-0.8627496630726957
0.8816326530612243,0.9142857142857141,72.78707441112928,96.56277341692117,-0.9964817218455475,-0.9317696361185112
0.946938775510204,0.9142857142857141,71.90649296647032,97.44335486158015,-0.9964817218455475,-1.0007896091643271
1.0122448979591836,0.9142857142857141,71.02591152181137,98.3239363062391,-0.9964817218455475,-1.0698095822101428
1.0775510204081633,0.9142857142857141,70.14533007715241,99.20451775089806,-0.9964817218455475,-1.1388295552559584
1.142857142857143,0.9142857142857141,69.26474863249344,100.08509919555704,-0.9964817218455475,-1.2078495283017745
1.2081632653061223,0.9142857142857141,68.38416718783448,100.965680640216,-0.9964817218455475,-1.2768695013475897
1.273469387755102,0.9142857142857141,67.50358574317552,101.84626208487495,-0.9964817218455475,-1.3458894743934053
1.3387755102040817,0.9142857142857141,66.62300429851656,102.72684352953391,-0.9964817218455475,-1.414909447439221
1.404081632653061,0.9142857142857141,65.7424228538576,103.60742497419287,-0.9964817218455475,-1.4839294204850366
1.4693877551020407,0.9142857142857141,64.86184140919865,104.48800641885182,-0.9964817218455475,-1.552949393530852
1.5346938775510204,0.9142857142857141,63.98125996453968,105.36858786351078,-0.9964817218455475,-1.6219693665766681
1.6,0.9142857142857141,63.100678519880724,106.24916930816974,-0.9964817218455475,-1.6909893396224838
-1.6,0.9714285714285713,108.13510205279631,64.98661126450729,-1.0587618294608943,1.6909893396224838
-1.5346938775510204,0.9714285714285713,107.25452060813737,65.86719270916626,-1.0587618294608943,1.6219693665766681
-1.469387755102041,0.9714285714285713,106.37393916347838,66.74777415382522,-1.0587618294608943,1.5529493935308523
-1.4040816326530614,0.9714285714285713,105.49335771881944,67.62835559848418,-1.0587618294608943,1.4839294204850366
-1.3387755102040817,0.9714285714285713,104.61277627416047,68.50893704314313,-1.0587618294608943,1.414909447439221
-1.273469387755102,0.9714285714285713,103.73219482950151,69.38951848780209,-1.0587618294608943,1.3458894743934053
-1.2081632653061225,0.9714285714285713,102.85161338484255,70.27009993246105,-1.0587618294608943,1.2768695013475897
-1.142857142857143,0.9714285714285713,101.9710319401836,71.15068137712001,-1.0587618294608943,1.2078495283017745
-1.0775510204081633,0.9714285714285713,101.09045049552464,72.03126282177897,-1.0587618294608943,1.1388295552559584
-1.0122448979591836,0.9714285714285713,100.20986905086568,72.91184426643794,-1.0587618294608943,1.0698095822101428
-0.9469387755102041,0.9714285714285713,99.32928760620672,73.7924257110969,-1.0587618294608943,1.0007896091643271
-0.8816326530612246,0.9714285714285713,98.44870616154776,74.67300715575585,-1.0587618294608943,0.9317696361185116
-0.8163265306122449,0.9714285714285713,97.5681247168888,75.55358860041481,-1.0587618294608943,0.8627496630726957
-0.7510204081632653,0.9714285714285713,96.68754327222985,76.43417004507377,-1.0587618294608943,0.7937296900268802
-0.6857142857142857,0.9714285714285713,95.80696182757089,77.31475148973273,-1.0587618294608943,0.7247097169810645
-0.6204081632653062,0.9714285714285713,94.92638038291193,78.19533293439169,-1.0587618294608943,0.655689743935249
-0.5551020408163266,0.9714285714285713,94.04579893825297,79.07591437905064,-1.0587618294608943,0.5866697708894332
-0.4897959183673469,0.9714285714285713,93.165217493594,79.95649582370962,-1.0587618294608943,0.5176497978436174
-0.4244897959183674,0.9714285714285713,92.28463604893504,80.83707726836857,-1.0587618294608943,0.44862982479780183
-0.3591836734693879,0.9714285714285713,91.40405460427608,81.71765871302753,-1.0587618294608943,0.37960985175198625
-0.2938775510204082,0.9714285714285713,90.52347315961713,82.59824015768649,-1.0587618294608943,0.31058987870617055
-0.22857142857142854,0.9714285714285713,89.64289171495817,83.47882160234545,-1.0587618294608943,0.24156990566035474
-0.16326530612244902,0.9714285714285713,88.7623102702992,84.3594030470044,-1.0587618294608943,0.17254993261453916
-0.09795918367346952,0.9714285714285713,87.88172882564025,85.23998449166336,-1.0587618294608943,0.10352995956872366
-0.03265306122448984,0.9714285714285713,87.00114738098128,86.12056593632232,-1.0587618294608943,0.03450998652290788
0.03265306122448984,0.9714285714285713,86.12056593632232,87.00114738098128,-1.0587618294608943,-0.03450998652290788
0.09795918367346952,0.9714285714285713,85.23998449166336,87.88172882564025,-1.0587618294608943,-0.10352995956872366
0.16326530612244886,0.9714285714285713,84.3594030470044,88.7623102702992,-1.0587618294608943,-0.17254993261453905
0.22857142857142854,0.9714285714285713,83.47882160234545,89.64289171495817,-1.0587618294608943,-0.24156990566035474
0.2938775510204082,0.9714285714285713,82.59824015768649,90.52347315961713,-1.0587618294608943,-0.31058987870617055
0.3591836734693875,0.9714285714285713,81.71765871302753,91.40405460427607,-1.0587618294608943,-0.3796098517519859
0.4244897959183672,0.9714285714285713,80.83707726836857,92.28463604893504,-1.0587618294608943,-0.4486298247978017
0.4897959183673469,0.9714285714285713,79.95649582370962,93.165217493594,-1.0587618294608943,-0.5176497978436174
0.5551020408163266,0.9714285714285713,79.07591437905064,94.04579893825297,-1.0587618294608943,-0.5866697708894332
0.6204081632653062,0.9714285714285713,78.19533293439169,94.92638038291193,-1.0587618294608943,-0.655689743935249
0.6857142857142856,0.9714285714285713,77.31475148973273,95.80696182757087,-1.0587618294608943,-0.7247097169810643
0.7510204081632653,0.9714285714285713,76.43417004507377,96.68754327222985,-1.0587618294608943,-0.7937296900268802
0.8163265306122449,0.9714285714285713,75.55358860041481,97.5681247168888,-1.0587618294608943,-0.8627496630726957
0.8816326530612243,0.9714285714285713,74.67300715575585,98.44870616154776,-1.0587618294608943,-0.9317696361185112
0.946938775510204,0.9714285714285713,73.7924257110969,99.32928760620672,-1.0587618294608943,-1.0007896091643271
1.0122448979591836,0.9714285714285713,72.91184426643794,100.20986905086568,-1.0587618294608943,-1.0698095822101428
1.0775510204081633,0.9714285714285713,72.03126282177897,101.09045049552464,-1.0587618294608943,-1.1388295552559584
1.142857142857143,0.9714285714285713,71.15068137712001,101.9710319401836,-1.0587618294608943,-1.2078495283017745
1.2081632653061223,0.9714285714285713,70.27009993246105,102.85161338484255,-1.0587618294608943,-1.2768695013475897
1.273469387755102,0.9714285714285713,69.38951848780209,103.73219482950151,-1.0587618294608943,-1.3458894743934053
1.3387755102040817,0.9714285714285713,68.50893704314313,104.61277627416047,-1.0587618294608943,-1.414909447439221
1.404081632653061,0.9714285714285713,67.62835559848418,105.49335771881944,-1.0587618294608943,-1.4839294204850366
1.4693877551020407,0.9714285714285713,66.74777415382522,106.37393916347838,-1.0587618294608943,-1.552949393530852
1.5346938775510204,0.9714285714285713,65.86719270916626,107.25452060813737,-1.0587618294608943,-1.6219693665766681
1.6,0.9714285714285713,64.98661126450729,108.13510205279631,-1.0587618294608943,-1.6909893396224838
-1.6,1.0285714285714285,110.0210347974229,66.87254400913389,-1.121041937076241,1.6909893396224838
-1.5346938775510204,1.0285714285714285,109.14045335276396,67.75312545379285,-1.121041937076241,1.6219693665766681
-1.469387755102041,1.0285714285714285,108.25987190810498,68.6337068984518,-1.121041937076241,1.5529493935308523
-1.4040816326530614,1.0285714285714285,107.37929046344603,69.51428834311076,-1.121041937076241,1.4839294204850366
-1.3387755102040817,1.0285714285714285,106.49870901878705,70.39486978776972,-1.121041937076241,1.414909447439221
-1.273469387755102,1.0285714285714285,105.6181275741281,71.27545123242868,-1.121041937076241,1.3458894743934053
-1.2081632653061225,1.0285714285714285,104.73754612946914,72.15603267708764,-1.121041937076241,1.2768695013475897
-1.142857142857143,1.0285714285714285,103.8569646848102,73.0366141217466,-1.121041937076241,1.2078495283017745
-1.0775510204081633,1.0285714285714285,102.97638324015122,73.91719556640557,-1.121041937076241,1.1388295552559584
-1.0122448979591836,1.0285714285714285,102.09580179549226,74.79777701106453,-1.121041937076241,1.0698095822101428
-0.9469387755102041,1.0285714285714285,101.2152203508333,75.67835845572348,-1.121041937076241,1.0007896091643271
-0.8816326530612246,1.0285714285714285,100.33463890617435,76.55893990038244,-1.121041937076241,0.9317696361185116
-0.8163265306122449,1.0285714285714285,99.45405746151539,77.4395213450414,-1.121041937076241,0.8627496630726957
-0.7510204081632653,1.0285714285714285,98.57347601685643,78.32010278970036,-1.121041937076241,0.7937296900268802
-0.6857142857142857,1.0285714285714285,97.69289457219747,79.20068423435931,-1.121041937076241,0.7247097169810645
-0.6204081632653062,1.0285714285714285,96.81231312753852,80.08126567901827,-1.121041937076241,0.655689743935249
-0.5551020408163266,1.0285714285714285,95.93173168287956,80.96184712367725,-1.121041937076241,0.5866697708894332
-0.4897959183673469,1.0285714285714285,95.0511502382206,81.8424285683362,-1.121041937076241,0.5176497978436174
-0.4244897959183674,1.0285714285714285,94.17056879356163,82.72301001299516,-1.121041937076241,0.44862982479780183
-0.3591836734693879,1.0285714285714285,93.28998734890268,83.60359145765412,-1.121041937076241,0.37960985175198625
-0.2938775510204082,1.0285714285714285,92.40940590424371,84.48417290231308,-1.121041937076241,0.31058987870617055
-0.22857142857142854,1.0285714285714285,91.52882445958475,85.36475434697203,-1.121041937076241,0.24156990566035474
-0.16326530612244902,1.0285714285714285,90.6482430149258,86.24533579163099,-1.121041937076241,0.17254993261453916
-0.09795918367346952,1.0285714285714285,89.76766157026684,87.12591723628995,-1.121041937076241,0.10352995956872366
-0.03265306122448984,1.0285714285714285,88.88708012560787,88.00649868094891,-1.121041937076241,0.03450998652290788
0.03265306122448984,1.0285714285714285,88.00649868094891,88.88708012560787,-1.121041937076241,-0.03450998652290788
0.09795918367346952,1.0285714285714285,87.12591723628995,89.76766157026684,-1.121041937076241,-0.10352995956872366
0.16326530612244886,1.0285714285714285,86.24533579163099,90.6482430149258,-1.121041937076241,-0.17254993261453905
0.22857142857142854,1.0285714285714285,85.36475434697203,91.52882445958475,-1.121041937076241,-0.24156990566035474
0.2938775510204082,1.0285714285714285,84.48417290231308,92.40940590424371,-1.121041937076241,-0.31058987870617055
0.3591836734693875,1.0285714285714285,83.60359145765412,93.28998734890267,-1.121041937076241,-0.3796098517519859
0.4244897959183672,1.0285714285714285,82.72301001299516,94.17056879356163,-1.121041937076241,-0.4486298247978017
0.4897959183673469,1.0285714285714285,81.8424285683362,95.0511502382206,-1.121041937076241,-0.5176497978436174
0.5551020408163266,1.0285714285714285,80.96184712367725,95.93173168287956,-1.121041937076241,-0.5866697708894332
0.6204081632653062,1.0285714285714285,80.08126567901827,96.81231312753852,-1.121041937076241,-0.655689743935249
0.6857142857142856,1.0285714285714285,79.20068423435933,97.69289457219747,-1.121041937076241,-0.7247097169810643
0.7510204081632653,1.0285714285714285,78.32010278970036,98.57347601685643,-1.121041937076241,-0.7937296900268802
0.8163265306122449,1.0285714285714285,77.4395213450414,99.45405746151539,-1.121041937076241,-0.8627496630726957
0.8816326530612243,1.0285714285714285,76.55893990038244,100.33463890617435,-1.121041937076241,-0.9317696361185112
0.946938775510204,1.0285714285714285,75.67835845572348,101.2152203508333,-1.121041937076241,-1.0007896091643271
1.0122448979591836,1.0285714285714285,74.79777701106453,102.09580179549226,-1.121041937076241,-1.0698095822101428
1.0775510204081633,1.0285714285714285,73.91719556640557,102.97638324015122,-1.121041937076241,-1.1388295552559584
1.142857142857143,1.0285714285714285,73.0366141217466,103.8569646848102,-1.121041937076241,-1.2078495283017745
1.2081632653061223,1.0285714285714285,72.15603267708764,104.73754612946914,-1.121041937076241,-1.2768695013475897
1.273469387755102,1.0285714285714285,71.27545123242868,105.6181275741281,-1.121041937076241,-1.3458894743934053
1.3387755102040817,1.0285714285714285,70.39486978776972,106.49870901878705,-1.121041937076241,-1.414909447439221
1.404081632653061,1.0285714285714285,69.51428834311076,107.37929046344603,-1.121041937076241,-1.4839294204850366
1.4693877551020407,1.0285714285714285,68.6337068984518,108.25987190810498,-1.121041937076241,-1.552949393530852
1.5346938775510204,1.0285714285714285,67.75312545379285,109.14045335276396,-1.121041937076241,-1.6219693665766681
1.6,1.0285714285714285,66.87254400913389,110.0210347974229,-1.121041937076241,-1.6909893396224838
-1.6,1.0857142857142854,111.90696754204947,68.75847675376046,-1.1833220446915877,1.6909893396224838
-1.5346938775510204,1.0857142857142854,111.02638609739051,69.63905819841942,-1.1833220446915877,1.6219693665766681
-1.469387755102041,1.0857142857142854,110.14580465273156,70.51963964307838,-1.1833220446915877,1.5529493935308523
-1.4040816326530614,1.0857142857142854,109.2652232080726,71.40022108773735,-1.1833220446915877,1.4839294204850366
-1.3387755102040817,1.0857142857142854,108.38464176341364,72.28080253239631,-1.1833220446915877,1.414909447439221
-1.273469387755102,1.0857142857142854,107.50406031875468,73.16138397705527,-1.1833220446915877,1.3458894743934053
-1.2081632653061225,1.0857142857142854,106.62347887409572,74.04196542171422,-1.1833220446915877,1.2768695013475897
-1.142857142857143,1.0857142857142854,105.74289742943677,74.92254686637318,-1.1833220446915877,1.2078495283017745
-1.0775510204081633,1.0857142857142854,104.86231598477781,75.80312831103214,-1.1833220446915877,1.1388295552559584
-1.0122448979591836,1.0857142857142854,103.98173454011884,76.6837097556911,-1.1833220446915877,1.0698095822101428
-0.9469387755102041,1.0857142857142854,103.10115309545989,77.56429120035006,-1.1833220446915877,1.0007896091643271
-0.8816326530612246,1.0857142857142854,102.22057165080092,78.44487264500901,-1.1833220446915877,0.9317696361185116
-0.8163265306122449,1.0857142857142854,101.33999020614196,79.32545408966797,-1.1833220446915877,0.8627496630726957
-0.7510204081632653,1.0857142857142854,100.45940876148302,80.20603553432693,-1.1833220446915877,0.7937296900268802
-0.6857142857142857,1.0857142857142854,99.57882731682405,81.08661697898589,-1.1833220446915877,0.7247097169810645
-0.6204081632653062,1.0857142857142854,98.69824587216509,81.96719842364485,-1.1833220446915877,0.655689743935249
-0.5551020408163266,1.0857142857142854,97.81766442750612,82.84777986830382,-1.1833220446915877,0.5866697708894332
-0.4897959183673469,1.0857142857142854,96.93708298284716,83.72836131296278,-1.1833220446915877,0.5176497978436174
-0.4244897959183674,1.0857142857142854,96.0565015381882,84.60894275762173,-1.1833220446915877,0.44862982479780183
-0.3591836734693879,1.0857142857142854,95.17592009352924,85.48952420228069,-1.1833220446915877,0.37960985175198625
-0.2938775510204082,1.0857142857142854,94.29533864887028,86.37010564693965,-1.1833220446915877,0.31058987870617055
-0.22857142857142854,1.0857142857142854,93.41475720421133,87.25068709159862,-1.1833220446915877,0.24156990566035474
-0.16326530612244902,1.0857142857142854,92.53417575955237,88.13126853625758,-1.1833220446915877,0.17254993261453916
-0.09795918367346952,1.0857142857142854,91.65359431489341,89.01184998091652,-1.1833220446915877,0.10352995956872366
-0.03265306122448984,1.0857142857142854,90.77301287023445,89.8924314255755,-1.1833220446915877,0.03450998652290788
0.03265306122448984,1.0857142857142854,89.8924314255755,90.77301287023445,-1.1833220446915877,-0.03450998652290788
0.09795918367346952,1.0857142857142854,89.01184998091652,91.65359431489341,-1.1833220446915877,-0.10352995956872366
0.16326530612244886,1.0857142857142854,88.13126853625758,92.53417575955237,-1.1833220446915877,-0.17254993261453905
0.22857142857142854,1.0857142857142854,87.25068709159862,93.41475720421133,-1.1833220446915877,-0.24156990566035474
0.2938775510204082,1.0857142857142854,86.37010564693965,94.29533864887028,-1.1833220446915877,-0.31058987870617055
0.3591836734693875,1.0857142857142854,85.4895242022807,95.17592009352924,-1.1833220446915877,-0.3796098517519859
0.4244897959183672,1.0857142857142854,84.60894275762173,96.0565015381882,-1.1833220446915877,-0.4486298247978017
0.4897959183673469,1.0857142857142854,83.72836131296278,96.93708298284716,-1.1833220446915877,-0.5176497978436174
0.5551020408163266,1.0857142857142854,82.84777986830382,97.81766442750612,-1.1833220446915877,-0.5866697708894332
0.6204081632653062,1.0857142857142854,81.96719842364485,98.69824587216509,-1.1833220446915877,-0.655689743935249
0.6857142857142856,1.0857142857142854,81.0866169789859,99.57882731682403,-1.1833220446915877,-0.7247097169810643
0.7510204081632653,1.0857142857142854,80.20603553432693,100.45940876148302,-1.1833220446915877,-0.7937296900268802
0.8163265306122449,1.0857142857142854,79.32545408966797,101.33999020614196,-1.1833220446915877,-0.8627496630726957
0.8816326530612243,1.0857142857142854,78.44487264500901,102.2205716508009,-1.1833220446915877,-0.9317696361185112
0.946938775510204,1.0857142857142854,77.56429120035006,103.10115309545989,-1.1833220446915877,-1.0007896091643271
1.0122448979591836,1.0857142857142854,76.6837097556911,103.98173454011884,-1.1833220446915877,-1.0698095822101428
1.0775510204081633,1.0857142857142854,75.80312831103214,104.86231598477781,-1.1833220446915877,-1.1388295552559584
1.142857142857143,1.0857142857142854,74.92254686637318,105.74289742943677,-1.1833220446915877,-1.2078495283017745
1.2081632653061223,1.0857142857142854,74.04196542171422,106.62347887409572,-1.1833220446915877,-1.2768695013475897
1.273469387755102,1.0857142857142854,73.16138397705527,107.50406031875468,-1.1833220446915877,-1.3458894743934053
1.3387755102040817,1.0857142857142854,72.28080253239631,108.38464176341364,-1.1833220446915877,-1.414909447439221
1.404081632653061,1.0857142857142854,71.40022108773735,109.2652232080726,-1.1833220446915877,-1.4839294204850366
1.4693877551020407,1.0857142857142854,70.51963964307839,110.14580465273156,-1.1833220446915877,-1.552949393530852
1.5346938775510204,1.0857142857142854,69.63905819841942,111.02638609739051,-1.1833220446915877,-1.6219693665766681
1.6,1.0857142857142854,68.75847675376046,111.90696754204947,-1.1833220446915877,-1.6909893396224838
-1.6,1.142857142857143,113.79290028667606,70.64440949838705,-1.245602152306935,1.6909893396224838
-1.5346938775510204,1.142857142857143,112.91231884201711,71.524990943046,-1.245602152306935,1.6219693665766681
-1.469387755102041,1.142857142857143,112.03173739735814,72.40557238770498,-1.245602152306935,1.5529493935308523
-1.4040816326530614,1.142857142857143,111.15115595269918,73.28615383236394,-1.245602152306935,1.4839294204850366
-1.3387755102040817,1.142857142857143,110.27057450804023,74.1667352770229,-1.245602152306935,1.414909447439221
-1.273469387755102,1.142857142857143,109.38999306338127,75.04731672168185,-1.245602152306935,1.3458894743934053
-1.2081632653061225,1.142857142857143,108.50941161872231,75.92789816634081,-1.245602152306935,1.2768695013475897
-1.142857142857143,1.142857142857143,107.62883017406335,76.80847961099977,-1.245602152306935,1.2078495283017745
-1.0775510204081633,1.142857142857143,106.7482487294044,77.68906105565873,-1.245602152306935,1.1388295552559584
-1.0122448979591836,1.142857142857143,105.86766728474544,78.56964250031768,-1.245602152306935,1.0698095822101428
-0.9469387755102041,1.142857142857143,104.98708584008648,79.45022394497664,-1.245602152306935,1.0007896091643271
-0.8816326530612246,1.142857142857143,104.10650439542752,80.3308053896356,-1.245602152306935,0.9317696361185116
-0.8163265306122449,1.142857142857143,103.22592295076855,81.21138683429457,-1.245602152306935,0.8627496630726957
-0.7510204081632653,1.142857142857143,102.3453415061096,82.09196827895352,-1.245602152306935,0.7937296900268802
-0.6857142857142857,1.142857142857143,101.46476006145065,82.97254972361247,-1.245602152306935,0.7247097169810645
-0.6204081632653062,1.142857142857143,100.58417861679168,83.85313116827145,-1.245602152306935,0.655689743935249
-0.5551020408163266,1.142857142857143,99.70359717213272,84.7337126129304,-1.245602152306935,0.5866697708894332
-0.4897959183673469,1.142857142857143,98.82301572747375,85.61429405758936,-1.245602152306935,0.5176497978436174
-0.4244897959183674,1.142857142857143,97.94243428281479,86.49487550224833,-1.245602152306935,0.44862982479780183
-0.3591836734693879,1.142857142857143,97.06185283815584,87.37545694690728,-1.245602152306935,0.37960985175198625
-0.2938775510204082,1.142857142857143,96.18127139349687,88.25603839156625,-1.245602152306935,0.31058987870617055
-0.22857142857142854,1.142857142857143,95.30068994883791,89.13661983622521,-1.245602152306935,0.24156990566035474
-0.16326530612244902,1.142857142857143,94.42010850417896,90.01720128088417,-1.245602152306935,0.17254993261453916
-0.09795918367346952,1.142857142857143,93.53952705952,90.89778272554312,-1.245602152306935,0.10352995956872366
-0.03265306122448984,1.142857142857143,92.65894561486104,91.77836417020208,-1.245602152306935,0.03450998652290788
0.03265306122448984,1.142857142857143,91.77836417020208,92.65894561486104,-1.245602152306935,-0.03450998652290788
0.09795918367346952,1.142857142857143,90.89778272554312,93.53952705952,-1.245602152306935,-0.10352995956872366
0.16326530612244886,1.142857142857143,90.01720128088417,94.42010850417896,-1.245602152306935,-0.17254993261453905
0.22857142857142854,1.142857142857143,89.13661983622521,95.30068994883791,-1.245602152306935,-0.24156990566035474
0.2938775510204082,1.142857142857143,88.25603839156625,96.18127139349687,-1.245602152306935,-0.31058987870617055
0.3591836734693875,1.142857142857143,87.37545694690729,97.06185283815583,-1.245602152306935,-0.3796098517519859
0.4244897959183672,1.142857142857143,86.49487550224833,97.94243428281479,-1.245602152306935,-0.4486298247978017
0.4897959183673469,1.142857142857143,85.61429405758936,98.82301572747375,-1.245602152306935,-0.5176497978436174
0.5551020408163266,1.142857142857143,84.7337126129304,99.70359717213272,-1.245602152306935,-0.5866697708894332
0.6204081632653062,1.142857142857143,83.85313116827145,100.58417861679168,-1.245602152306935,-0.655689743935249
0.6857142857142856,1.142857142857143,82.97254972361249,101.46476006145063,-1.245602152306935,-0.7247097169810643
0.7510204081632653,1.142857142857143,82.09196827895352,102.3453415061096,-1.245602152306935,-0.7937296900268802
0.8163265306122449,1.142857142857143,81.21138683429457,103.22592295076855,-1.245602152306935,-0.8627496630726957
0.8816326530612243,1.142857142857143,80.33080538963561,104.1065043954275,-1.245602152306935,-0.9317696361185112
0.946938775510204,1.142857142857143,79.45022394497664,104.98708584008648,-1.245602152306935,-1.0007896091643271
1.0122448979591836,1.142857142857143,78.56964250031768,105.86766728474544,-1.245602152306935,-1.0698095822101428
1.0775510204081633,1.142857142857143,77.68906105565873,106.7482487294044,-1.245602152306935,-1.1388295552559584
1.142857142857143,1.142857142857143,76.80847961099977,107.62883017406335,-1.245602152306935,-1.2078495283017745
1.2081632653061223,1.142857142857143,75.92789816634081,108.50941161872231,-1.245602152306935,-1.2768695013475897
1.273469387755102,1.142857142857143,75.04731672168185,109.38999306338127,-1.245602152306935,-1.3458894743934053
1.3387755102040817,1.142857142857143,74.1667352770229,110.27057450804023,-1.245602152306935,-1.414909447439221
1.404081632653061,1.142857142857143,73.28615383236394,111.15115595269918,-1.245602152306935,-1.4839294204850366
1.4693877551020407,1.142857142857143,72.40557238770498,112.03173739735814,-1.245602152306935,-1.552949393530852
1.5346938775510204,1.142857142857143,71.524990943046,112.91231884201711,-1.245602152306935,-1.6219693665766681
1.6,1.142857142857143,70.64440949838705,113.79290028667606,-1.245602152306935,-1.6909893396224838
-1.6,1.2,115.67883303130264,72.53034224301362,-1.3078822599222815,1.6909893396224838
-1.5346938775510204,1.2,114.79825158664367,73.41092368767258,-1.3078822599222815,1.6219693665766681
-1.469387755102041,1.2,113.91767014198473,74.29150513233154,-1.3078822599222815,1.5529493935308523
-1.4040816326530614,1.2,113.03708869732576,75.1720865769905,-1.3078822599222815,1.4839294204850366
-1.3387755102040817,1.2,112.1565072526668,76.05266802164945,-1.3078822599222815,1.414909447439221
-1.273469387755102,1.2,111.27592580800784,76.93324946630841,-1.3078822599222815,1.3458894743934053
-1.2081632653061225,1.2,110.39534436334887,77.81383091096738,-1.3078822599222815,1.2768695013475897
-1.142857142857143,1.2,109.51476291868993,78.69441235562633,-1.3078822599222815,1.2078495283017745
-1.0775510204081633,1.2,108.63418147403095,79.5749938002853,-1.3078822599222815,1.1388295552559584
-1.0122448979591836,1.2,107.753600029372,80.45557524494426,-1.3078822599222815,1.0698095822101428
-0.9469387755102041,1.2,106.87301858471304,81.33615668960321,-1.3078822599222815,1.0007896091643271
-0.8816326530612246,1.2,105.99243714005408,82.21673813426217,-1.3078822599222815,0.9317696361185116
-0.8163265306122449,1.2,105.11185569539512,83.09731957892114,-1.3078822599222815,0.8627496630726957
-0.7510204081632653,1.2,104.23127425073616,83.97790102358009,-1.3078822599222815,0.7937296900268802
-0.6857142857142857,1.2,103.3506928060772,84.85848246823905,-1.3078822599222815,0.7247097169810645
-0.6204081632653062,1.2,102.47011136141825,85.73906391289802,-1.3078822599222815,0.655689743935249
-0.5551020408163266,1.2,101.58952991675929,86.61964535755698,-1.3078822599222815,0.5866697708894332
-0.4897959183673469,1.2,100.70894847210033,87.50022680221593,-1.3078822599222815,0.5176497978436174
-0.4244897959183674,1.2,99.82836702744136,88.38080824687489,-1.3078822599222815,0.44862982479780183
-0.3591836734693879,1.2,98.94778558278242,89.26138969153385,-1.3078822599222815,0.37960985175198625
-0.2938775510204082,1.2,98.06720413812346,90.14197113619281,-1.3078822599222815,0.31058987870617055
-0.22857142857142854,1.2,97.18662269346449,91.02255258085177,-1.3078822599222815,0.24156990566035474
-0.16326530612244902,1.2,96.30604124880553,91.90313402551072,-1.3078822599222815,0.17254993261453916
-0.09795918367346952,1.2,95.42545980414657,92.78371547016968,-1.3078822599222815,0.10352995956872366
-0.03265306122448984,1.2,94.54487835948761,93.66429691482864,-1.3078822599222815,0.03450998652290788
0.03265306122448984,1.2,93.66429691482864,94.54487835948761,-1.3078822599222815,-0.03450998652290788
0.09795918367346952,1.2,92.78371547016968,95.42545980414657,-1.3078822599222815,-0.10352995956872366
0.16326530612244886,1.2,91.90313402551072,96.30604124880553,-1.3078822599222815,-0.17254993261453905
0.22857142857142854,1.2,91.02255258085177,97.18662269346449,-1.3078822599222815,-0.24156990566035474
0.2938775510204082,1.2,90.14197113619281,98.06720413812346,-1.3078822599222815,-0.31058987870617055
0.3591836734693875,1.2,89.26138969153385,98.9477855827824,-1.3078822599222815,-0.3796098517519859
0.4244897959183672,1.2,88.38080824687489,99.82836702744136,-1.3078822599222815,-0.4486298247978017
0.4897959183673469,1.2,87.50022680221593,100.70894847210033,-1.3078822599222815,-0.5176497978436174
0.5551020408163266,1.2,86.61964535755698,101.58952991675929,-1.3078822599222815,-0.5866697708894332
0.6204081632653062,1.2,85.73906391289802,102.47011136141825,-1.3078822599222815,-0.655689743935249
0.6857142857142856,1.2,84.85848246823906,103.3506928060772,-1.3078822599222815,-0.7247097169810643
0.7510204081632653,1.2,83.97790102358009,104.23127425073616,-1.3078822599222815,-0.7937296900268802
0.8163265306122449,1.2,83.09731957892114,105.11185569539512,-1.3078822599222815,-0.8627496630726957
0.8816326530612243,1.2,82.21673813426219,105.99243714005408,-1.3078822599222815,-0.9317696361185112
0.946938775510204,1.2,81.33615668960321,106.87301858471304,-1.3078822599222815,-1.0007896091643271
1.0122448979591836,1.2,80.45557524494426,107.753600029372,-1.3078822599222815,-1.0698095822101428
1.0775510204081633,1.2,79.5749938002853,108.63418147403095,-1.3078822599222815,-1.1388295552559584
1.142857142857143,1.2,78.69441235562633,109.51476291868993,-1.3078822599222815,-1.2078495283017745
1.2081632653061223,1.2,77.81383091096738,110.39534436334887,-1.3078822599222815,-1.2768695013475897
1.273469387755102,1.2,76.93324946630841,111.27592580800784,-1.3078822599222815,-1.3458894743934053
1.3387755102040817,1.2,76.05266802164945,112.1565072526668,-1.3078822599222815,-1.414909447439221
1.404081632653061,1.2,75.1720865769905,113.03708869732576,-1.3078822599222815,-1.4839294204850366
1.4693877551020407,1.2,74.29150513233154,113.91767014198471,-1.3078822599222815,-1.552949393530852
1.5346938775510204,1.2,73.41092368767258,114.79825158664367,-1.3078822599222815,-1.6219693665766681
1.6,1.2,72.53034224301362,115.67883303130264,-1.3078822599222815,-1.6909893396224838
